name,individual_occurrences,duplicates,forms
A,1,0,
Aachen,1,0,
Aaron,2,0,
Abdenago,2,0,
Ábjôrn,8,0,
Abraham,1,0,
Absalon,1,0,
Ábý,1,0,
Adam,1,1,
Adami,1,0,
Adamnán,1,0,
Ádís,1,0,
Ádísa,1,0,
Ádjarf,4,2,Ádjarf (4); Ádjarfr (2)
Adonai,3,1,
Aðakáns,1,0,
Aðalmarr,6,0,
Aðalmerki,1,0,
Aðalmæki,1,0,
Aðísl,3,0,
Áðísla,1,0,
Áfast,1,0,
Affoca,1,0,
Affricala,1,0,
Affricca,1,0,
Afkar,1,0,
Áfríði,1,0,
Áfríðr,7,0,
Ágautr,2,0,Ágautr (1); Ágaut (1)
Ágeirr,2,0,
Ágerðr,1,0,
Agilamundon,1,0,
Agios,1,0,
Agmundr,8,0,Agmundr (5); Agmund (3)
Agna,1,0,
Agnabó,2,0,
Agneta,1,1,
Agni,2,0,
Agnmundr,1,0,
Ágota,2,0,
Ágoti,7,0,
Agviðr,2,0,
aikiR,1,0,
Ailmar,1,0,
Aiþalataz,1,0,
Áka,2,0,
Akaz,1,0,
Áki,9,2,
Akli,1,0,
akoft,1,0,
akopk,1,0,
Ál,2,0,Ál (1); al (1)
Ála,6,1,
Alaifu,1,0,
Alawin,1,2,
Albóð,1,0,
Aldi,1,0,
Aldrífar,1,0,
Aldulfs,1,0,
Aldvið,2,0,Aldvið (1); Aldviðr (1)
Áleif,3,0,Áleif (2); Áleifr (1)
Alfar,1,0,
Alfdís,1,0,
Alfgautr,2,0,
Alfgeirr,3,0,Alfgeirr (2); Alfgeir (1)
Alfhildar,1,0,
alf---ir,1,0,
Alfkell,2,0,
Alfketil,1,0,
Alflak,1,0,
Alfr,1,0,
Alfríkr,4,0,
Álfrúnar,1,0,
Alfvin,3,0,
Algautr,1,0,
Algísl,1,0,
Áli,11,0,
Aljamarkiz,1,0,
alkm,1,0,
Alla,8,3,
Alli,11,0,
Almgaut,2,0,Almgaut (1); Almgautr (1)
Almgeir,1,0,
al-naet,1,0,
Alríkr,4,2,
Alríks,1,0,
Alskóg,1,0,
Alugodo,1,0,
Aluko,1,0,
Alvaldr,1,0,
Alvina,1,0,
Alvne,1,0,
Alþrúði,1,0,
Alþrúðr,1,1,
Ám,1,0,
Ambrosii,1,0,
Amdis,1,0,
Ámóða,2,0,
Ámunda,3,0,Ámunda (2); Amunda (1)
Amundasonr,1,0,
Ámundi,10,0,
Ámundr,1,0,
Anastasius,1,0,
anasuiþr,1,0,
Anderius,1,1,
Andórr,1,0,
Andreas,8,1,
Andrés,8,1,Andrés (6); Andres (3)
Andresar,1,0,
Andréssonr,1,0,
Andsvarr,7,1,Andsvarr (6); Andsvar (2)
Andsvars,1,0,
Andvéttar,1,0,
Andvéttr,18,0,Andvéttr (11); Andvétt (7)
Anga,1,0,
Anga-smiðs,1,0,
Angelbos,2,0,
Áni,3,0,
Ánn,3,0,
Anna,2,0,
Anno,1,0,
annuhanenkium,1,0,
Ansugastiz,1,0,
Anula,1,0,
Apa,3,0,
Api,1,0,
Ara,3,0,
Arang,2,0,
Árbý,1,0,
Arfastr,1,0,
Arges,1,0,
Ari,7,0,
Arinbárðr,1,0,
Arinbjarnar,1,0,
Arinbjôrgu,1,0,
Arinbjôrn,2,0,
Arinmundr,1,0,
Arn,2,0,
Árna,5,0,
Arnar,1,0,
Árnasonr,1,0,
Arnbjarnar,2,0,
Arnbjôrg,1,0,
Arnbjôrn,4,0,
Arnfast,7,0,Arnfast (5); Arnfastr (2)
Arnfasta,1,0,
Arnfinnr,7,0,
Arnfríðr,1,0,
Arngeirr,4,0,
Arngeirs,2,0,
Arngerðr,3,0,
Arngísl,4,0,
Arngunnr,1,0,
Arnhvatr,2,0,
Árni,21,0,
Arnkell,5,0,Arnkell (4); Arnkel (1)
Arnketill,1,0,
Arnlaug,1,0,
Arnmundr,3,0,
Arnnjótr,1,0,
Arnstein,2,0,Arnstein (1); Arnsteinn (1)
Arnulfr,2,0,Arnulfr (1); Arnulf (1)
Arnvé,2,1,
Arnviðr,2,0,
Arnþórs,2,0,
Arta,1,0,
Ás,7,0,
Ása,30,4,Ása (31); ása (3)
Ásbjarnar,6,1,
Ásbjôrg,1,0,
Ásbjôrn,50,1,
Ásboð,2,1,Ásboð (2); Ásbôð (1)
Ásdjarfr,1,0,
Áselfi,1,0,
Ásfast,1,0,
Ásfríðr,4,0,
Ásfrøðr,2,0,
Ásgauta,1,0,
Ásgautr,33,3,Ásgautr (23); Ásgaut (13)
Ásgauts,1,0,
Ásgeirr,21,4,Ásgeirr (14); Ásgeir (11)
Ásgeirs,3,0,
Ásgerðar,1,0,
Ásgerði,2,0,
Ásgerðr,4,0,
Ásgísl,1,0,
Ásgrímr,5,0,
Ásgunnr,2,0,
Ásheiði,1,0,
Ási,7,0,
Ásjó,1,0,
Áskatla,4,0,
Áskelheim,1,0,
Áskell,31,1,Áskell (18); Áskel (14)
Ásl,4,0,
Áslabúðum,1,0,
Áslakr,11,1,Áslakr (10); Áslak (2)
Áslakr's,1,0,
Ásleif,1,0,
Ásleikr,5,0,Ásleikr (3); Ásleik (2)
Ásleiks,1,0,
Ásmarr,2,1,Ásmarr (2); Ásmar (1)
Ásmóð,3,0,Ásmóð (2); Ásmóðr (1)
Ásmundar,1,0,
Ásmundarsonr,3,0,
Ásmundr,43,8,Ásmundr (45); Ásmund (6)
Áspakr,1,0,
Ásrøðr,2,0,
Ásta,1,0,
Ásti,1,0,
Ástráðr,4,0,Ástráðr (3); Ástráð (1)
Ástríðar,1,0,
Ástríði,4,0,
Ástríðr,14,1,Ástríðr (14); Ástrið (1)
Ásu,11,0,
Asugislas,1,0,
Ásulfr,6,1,Ásulfr (4); Ásulf (3)
Ásulfs,2,0,
Ásvald,1,0,
Ásvaldi,2,0,
Ásvarð,2,0,Ásvarð (1); Ásvarðr (1)
Ásvé,1,0,
Ásviðar,1,0,
Ásviðr,2,0,Ásviðr (1); Ásvið (1)
Ásvôr,2,0,
asþrn,1,0,
Atfari,1,0,
Atla,5,0,
Atlasonr,1,0,
Atli,1,0,
Atlingabó,1,0,
Atlingbo,1,0,
Atlings,1,0,
Átryggr,1,0,
Atta,1,0,
Atti,1,0,
Auð,6,0,Auð (4); Auðr (2)
Auða,6,0,
Auðbjarnar,2,1,
Auðbjôrn,14,0,
Auðelfi,1,0,
Auðfríðar,1,0,
Auðfríðr,1,0,
Auðga,1,0,
Auðgautr,3,0,Auðgautr (2); Auðgaut (1)
Auðgeirr,5,0,Auðgeirr (3); Auðgeir (2)
Auðgeirsarfa,1,2,
Auðgerði,1,0,
Auðgerðr,3,0,
Auðgísl,1,0,
Auðgrímr,1,0,
Auðgunnr,1,0,
Auðhvatr,4,0,
Auði,3,0,
Auðin,3,0,
Auðkell,4,0,Auðkell (2); Auðkel (2)
Auðketil,1,0,
Auðleif,1,0,
Auðmarr,1,0,
Auðmundr,5,0,Auðmundr (4); Auðmund (1)
Auðreifr,1,0,
Auðreifs,1,0,
Auðríki,1,1,
Auðríkr,4,2,Auðríkr (5); Auðrík (1)
Auðsteinn,1,0,
Auðu,2,0,
Auðulfr,5,0,
Auðun,4,0,
Auðunar,1,0,
Auðvaldr,6,0,Auðvaldr (4); Auðvald (2)
Auðvalds,1,0,
Auðviðr,1,0,
aufa,1,1,
aufu>heiði,1,0,
Auga,1,0,
Augmundr,1,0,
au-ka,1,0,
Auki,1,0,
Aun,1,0,
Auna,1,0,
Aunar,1,0,
aurir,1,0,
Austbjôrn,1,0,
Austmaðr,1,0,
Austr,1,0,
Austrbý,1,0,
ausut,1,0,
Autir,2,0,
auþikR,1,0,
Ávarr,4,1,
Ávi,1,0,
Áviðr,2,0,
Awings,1,0,
ayt--u,1,0,
Aþmiul,1,0,
Bagga,2,1,
Baggi,1,0,
Bági,1,0,
Balastein,1,0,
Baldrs,1,0,
Balli,26,5,
Bällings,1,1,
Balsi,1,0,
Banka,2,1,
Banki,1,0,
Baptistam,1,0,
Bárðr,12,0,
bariRþ,1,0,
Báristôðum,2,0,
Barkviðr,3,0,Barkviðr (2); Barkvið (1)
Barnabe,1,0,
Barni,2,0,
Bartholomei,1,0,
Bartholomeusmessu,1,0,
Bartolomeus,1,0,
Bassi,2,0,
Báulf,1,0,
Bausa,2,0,
Begli,1,0,
Beilir,1,0,
Beini,1,0,
Beinviðr,1,0,
bel,1,0,
Bellingabó,1,1,Bellingabó (1); Bellingabo (1)
Bendikt,1,0,
Benedicta,1,0,
Benedicti,2,0,
benedictis,1,0,
Benedictus,1,0,
Benedikt,2,0,
Benedikta,1,0,
Benedikter,1,0,
Benediktus,1,0,
Benediktusmessu,1,0,
Benedit,1,0,
Bengeirr,1,0,
Bera,1,0,
Berdor,1,0,
Bergi,1,0,
Bergleif,1,0,
Berglôf,1,0,
Bergr,1,0,
Bergsvein,4,0,Bergsvein (2); Bergsveinn (2)
Bergviðr,4,0,Bergviðr (2); Bergvið (2)
Bergþórr,4,0,
Berno,1,0,
Bero,1,0,
Bersa,1,0,
Bersasonr,1,0,
Bersu,2,1,
Bessi,1,0,
Biarni,2,0,
bibrau,1,0,
Bidawarijaz,1,0,
bi--li,1,0,
Billingr,2,0,
Bindawarijaz,1,0,
Bingil,1,0,
Bínu,1,0,
Birgir,2,0,
Birgisonr,1,0,
Birita,1,0,
Birla,1,0,
Birsa,1,0,
Birsu,2,1,
Birti,1,0,
Bisi,1,0,
bitu,1,0,
biu,1,0,
Bjalfa,1,0,
Bjarnar,9,0,
Bjarnarsonr,1,0,
Bjarngeir,1,0,
Bjarnhôfða,1,0,
Bjarnhôfði,2,0,
Bjarni,5,0,
Bjarnlaugr,1,0,
Bjarnulfr,3,0,
Bjärs,2,0,
Bjartr,2,0,
Bjerge,1,0,
Bjergi,1,0,
Bjergum,1,0,
Bjór,3,0,Bjór (2); Bjórr (1)
Bjórstein,2,0,
Bjôrg,2,0,
Bjôrgvin,1,0,
Bjôrgvini,1,0,
Bjôrn,128,2,
Bjôrngeirr,1,0,
Bjôrnssonr,1,0,
Bjôrnulfr,1,0,
Blákára,1,0,
Blákári,1,0,
Bláni,1,0,
Blánum,1,0,
Bleikr,3,0,Bleikr (2); Bleik (1)
Blesa,1,0,
Blesi,2,0,
Blómi,1,0,
Boði,1,0,
Bófa,9,2,
Bófi,10,1,
Bófríðr,1,0,
Bógi,1,0,
boin,1,0,
Bóla,1,0,
Boldi,1,0,
Bóli,1,0,
Bolla,1,0,
Bolli,1,0,
Bollu,2,0,
Bólnauts,1,0,
Bólu,1,0,
Bóndi,3,0,
Bóndo,1,0,
Borga,1,0,
Borgbý,1,0,
Borgeirr,1,0,
Borgfastr,3,0,Borgfastr (2); Borgfast (1)
Borggeir,4,0,
Borgulf,3,0,Borgulf (2); Borgulfr (1)
Borgunna,1,0,
boriaukr,1,0,
Boro,1,0,
Bósa,3,0,
Bósi,2,1,
Bót,4,0,
Bótbjôrn,1,0,
Bótfosar,1,0,
Bótfreðr,3,0,Bótfreðr (2); Bótfreð (1)
Bótfríðr,1,0,
Bótfúsar,1,0,
Bótfúss,1,0,
Bótgeirr,8,1,Bótgeirr (5); Bótgeir (4)
Bótgeirs,3,0,
Bótheiðar,1,0,
Bótheiði,1,0,
Bótheiðr,5,0,
Bótheiðu,6,0,
Bóthildr,2,0,
Bóthvatr,1,0,
Bótleifr,1,0,
Bótlíkn,1,0,
Bótliknar,2,0,
Bótlíkni,1,0,
Bótmundar,1,0,
Bótmundr,4,0,
Botna,1,0,
Botni,1,0,
Bótný,1,0,
Bótolfar,1,0,
Bótolfr,1,0,
Bótreifr,3,0,Bótreifr (2); Bótreif (1)
Bótríðu,1,0,
Bótstein,1,0,
Botti,1,0,
Bótulfr,18,0,Bótulfr (14); Bótulf (4)
Bótulfs,5,0,
Bótulfsmessu,2,0,
Bótulfsvôku,1,0,
Bótvalda,1,0,
Bótvé,2,0,
Bótvéar,1,0,
Bótvéu,2,0,
Bótviða,2,0,
Bótviðar,4,0,
Bótviði,1,0,
Bótviðr,16,0,Bótviðr (14); Bótvið (1); Bótvíðr (1)
Bótþjóð,1,0,
Bótþjóðar,1,0,
Bótþjóðu,2,0,
Bour(r,1,0,
Braido,1,0,
Brakil,1,0,
Bram,1,0,
Brandi,1,0,
Brandr,11,1,
Bratti,1,0,
Brattr,1,0,
Brattssonr,1,0,
Bredkvie,1,0,
Breiðarjóðr,1,0,
Breíðukvíum,1,0,
Brettifa,1,0,
Brigit,1,1,
Brísa,2,0,
Brísi,1,0,
Broddi,1,0,
Broddr,2,0,Broddr (1); Brodd (1)
Bróðir,8,0,
Bróður,3,1,Bróður (3); bróður (1)
Bróðurs,1,0,
Brún,1,0,
Brúna,7,0,
Brúni,10,0,
Brúnkell,1,0,
Brúnketill,1,0,
Brúnmaðr,2,0,
Brunnum,1,0,
Brúsa,2,0,
Brúsaeiki,1,0,
Brúsi,5,4,
Brynjulfr,7,0,Brynjulfr (5); Brynjulf (2)
Brynjulfs,1,0,
Bryti,2,0,
bræ,1,0,
Búa,3,1,
Buddo,1,0,
Búdo,1,0,
Bugga,2,0,
Búi,13,2,
Bunt,1,0,
Búr-Almarr,1,0,
Burg,2,1,
Burge,2,1,
Búri,2,0,Búri (1); buri (1)
buþu,1,0,
Bygglandi,1,0,
Býri,1,0,
Býrir,1,0,
Byrr,1,0,
Býsir,1,0,
Bysju,1,0,
Bænkfríðar,1,0,
Bænkfríðr,1,0,
Bøðnýar,1,0,
Bôðum,1,0,
Bôðvar,1,0,
Bôðvé,1,0,
Bôllungs,1,0,
Bôrkr,1,0,
Bœsir,1,0,
Catarina,1,0,
Chorezm,1,0,
Christe,2,0,
Christi,6,5,
Christo,1,0,
Christum,1,0,
Christus,16,13,
Constantinus,2,0,
Daglangs,1,0,
Dagr,3,0,Dagr (2); Dag (1)
Dálkr,1,0,
Danmarkar,1,0,
Danr,14,0,Danr (9); Dan (5)
Dans,1,0,
Danska,1,0,
Dási,1,0,
David,5,0,David (3); Dáviðr (1); Dávið (1)
Dei,1,0,
Deus,2,3,
Diakonus,1,0,
Diarf,1,0,
Diðrik,2,0,Diðrik (1); Didrik (1)
Dionysius,4,1,
Dísa,1,1,
Díselfr,2,0,
Dísvi,1,1,
Djákn,1,0,
Djarfr,15,0,Djarfr (13); Djarf (2)
Djarfs,1,0,
Djúra,3,1,
Djúrgeir,1,1,
Djúri,2,1,
Dolga,1,0,
Dólgfinnr,1,0,
Dóma,1,0,
Dómara,1,1,Dómara (1); dómara (1)
Domi,2,1,Domi (2); Dómi (1)
Domini,1,1,
Dominus,1,0,
Dómisnes,1,0,
Domnall,1,0,
Dóta,2,0,
Dotbert,1,0,
Dóttir,3,0,
Dóttur,1,0,
Dragmál,1,0,
Dreng,1,0,
Drengi,1,0,
Drósbúi,2,0,
Drótni,1,0,
Druian,1,0,
Drums,1,0,
Dryllr,1,0,
Dufgals,2,0,
Dverg,1,0,
Dverg-Ketill,1,0,
Dyntr,2,0,
Dýra,1,0,
Dýrabergi,1,0,
Dýrbjôrn,1,0,
Dýri,1,0,
Dýrmóðsson,1,0,
Dýrvés,1,0,
Eadric,1,0,
Ebba,4,0,
Ebbi,1,0,
Ebbis,1,0,
Eðvin,1,0,
Efa,1,0,
Efesiorum,1,0,
Efi,2,0,
Efkar,1,0,
Efli,1,0,
Egidii,1,0,
Egil,2,1,
Egla,2,0,
Egvið,1,0,
Ei,4,0,
Eibjôrn,6,1,
Eiði,1,0,
Eifor,1,0,
Eihvatr,1,0,
Eikey,1,0,
Eikibý,1,0,
Eikinefs,1,0,
Eikru,1,0,
Eiksta,1,0,
Eilafr,1,0,
Eileifr,6,0,Eileifr (3); Eileif (3)
Eilífr,9,0,Eilífr (7); Eilíf (2)
Eilíkni,1,0,
Eimundar,1,0,
Eimundr,5,1,
Einarr,11,1,Einarr (11); Einar (1)
Einars,1,0,
Einarssonr,1,0,
Eindriði,9,2,
Eingeirr,1,0,
Einjótr,1,0,
Einráða,1,0,
Einriði,2,0,
e-iR,1,0,
Eir-Bjôrn,1,0,
Eiríki,1,0,
Eiríkr,26,0,Eiríkr (22); Eirík (4)
Eiríks,4,1,Eiríks (4); Eiriks (1)
Eiríksdóttur,1,0,
Eiríkur,1,0,
Eiríkus,1,0,
Eist,13,0,Eist (11); Eistr (2)
Eista,1,0,
Eistaland,1,0,
Eistfari,1,0,
Eistlôndum,1,0,
Eistmann,1,0,
Eistulf,2,0,
Eivísl,1,2,
Eivísli,1,0,
Eiþorn,1,0,
Ekebys,1,0,
Eksta,1,0,
Elda,1,0,
Eldjarn,2,0,
Eldríðr,2,0,
Elffrica,1,0,
Elgjaholts,1,0,
Elgjastôðum,1,0,
Elgr,1,0,
Elín,2,0,
Elion,1,1,
Elisabet,2,0,
Eloi,1,0,
Eloihim,1,0,
Elon,1,5,
Emanuel,2,0,
Endils,1,0,
Engibriktssonar,1,0,
Engla,3,0,
Englands,6,0,
Englandsfari,2,0,
Engli,1,0,
Enni,1,0,
Ennibrattar,1,0,
Ennibrattr,1,0,
Erfaz,1,0,
Ericus,2,0,
Erinbjôrn,1,0,
Erindís,1,0,
Erinfastr,1,0,
Eringeirr,1,0,
Eringerðr,1,0,
Eringunni,1,0,
Erinmundr,5,0,Erinmundr (3); Erinmund (2)
Erinvarðr,1,0,
Erinvé,3,0,
Erlendr,8,1,
Erlendsson,2,0,Erlendsson (1); Erlendssonr (1)
Erlingr,12,1,Erlingr (12); Erling (1)
Erlings,1,1,
Ermundi,1,0,
Ern,1,0,
Ernbiôrn,1,0,
Ernbjôrn,4,0,
Erndís,1,0,
Ernfastr,10,0,Ernfastr (8); Ernfast (2)
Ernfríðar,1,0,
Ernfríði,1,0,
Ernfríðr,1,0,
Erngautr,1,0,
Erngeirr,1,0,
Erngísl,2,0,
Ernlaug,2,0,
Ernleifr,1,0,
Ernmund,8,1,Ernmund (6); Ernmundr (3)
Ernsteinn,1,0,
Ernvarðs,1,0,
Ernvars,1,0,
Ernviðr,1,0,
Erra,1,0,
Erri,1,0,
Erru,1,0,
esi,1,0,
Eskilhem,1,0,
Etil,1,0,
Etta,1,0,
Etti,1,0,
Ettu,1,0,
Eva,1,1,
Ey,1,0,
Eybjarnar,1,0,
Eybjôrg,1,0,
Eybjôrn,5,0,
Eydísi,2,0,
Eyðr,1,0,
Eygautr,2,0,
Eygeirr,4,0,
Eygeirs,1,0,
Eygota,1,0,
Eygrím,1,0,
Eyindr,2,0,Eyindr (1); Eyind (1)
Eyja,1,0,
Eyjabó,1,0,
Eyjarr,3,0,Eyjarr (2); Eyjar (1)
Eyjars,1,0,
Eyju,1,0,
Eyjulfr,6,3,Eyjulfr (7); Eyjulf (2)
Eyjulfs,1,0,
Eykel,2,0,
Eylakr,1,0,
Eyleif,1,0,
Eymund,2,0,
Eymunda,1,0,
Eyndar,1,0,
Eyndr,17,1,Eyndr (13); Eynd (5)
Eynjótr,2,0,
Eyrasundi,1,0,
Eyravaði,1,0,
Eyrhvatr,1,0,
Eyríki,1,0,
Eyríkr,3,1,
Eysteinn,61,2,Eysteinn (41); Eystein (22)
Eysteins,3,0,
Eyvindar,2,0,
Eyvindr,15,0,Eyvindr (8); Eyvind (7)
Faði,1,0,
Faðir,2,0,
Fagr,1,0,
Fáinn,1,0,
Fakaz,2,0,
Fara,3,0,
Farbjôrn,3,0,
Farbjôrnssonr,1,0,
Fargeirr,2,0,
Farmaðr,2,0,
Farulfr,7,0,Farulfr (5); Farulf (2)
Farulfs,2,0,
Farþegn,3,0,
Fast,2,0,Fast (1); Fastr (1)
Fasta,10,0,
Fastaðr,1,0,
Fastarr,2,0,Fastarr (1); Fastar (1)
Fastbjôrn,9,0,
Fastgeirr,6,0,
Fastgerðr,2,0,
Fastheiði,1,0,
Fastheiðr,1,0,
Fasti,10,0,
Fastlaug,11,0,
Fastlaugu,1,0,
Fastmund,1,0,
Fastný,1,0,
Fastríð,1,0,
Fastulfr,17,0,Fastulfr (12); Fastulf (5)
Fastulfs,1,0,
Fastvé,3,0,
Fastvéu,1,0,
Fastþegn,1,1,
Fati,3,0,
fauka,1,0,
Faus,1,0,
Fauskr,1,0,
Fáva,1,0,
Faxi,1,1,Faxi (1); faxi (1)
Féar-Un,1,1,
Feðrasjó,1,0,
Feitr,1,0,
Ferð-Kári,1,0,
Fetr,1,0,
Fiak,1,0,
fiauar,1,0,
Fífill,1,0,
fila,1,0,
File,1,0,
Fíli,1,0,
Fílum,1,0,
Fingr,1,0,
Finnheiði,3,0,
Finno,1,0,
Finnr,14,0,Finnr (11); Finn (3)
Finnulfs,2,0,
Finnviðar,3,1,
Finnviðr,11,0,Finnviðr (9); Finnvið (2)
Firi,1,0,
fir--riui,1,0,
Fjôlmóð,1,0,
Fjôlvarr,1,0,
Fjôlvars,1,0,
Flenavík,2,0,
Flenvike,2,0,
Flír,1,0,
Folbóa,1,0,
Foldars,1,0,
Folkaðr,1,0,
Folkarr,1,0,
Folkbjôrn,3,0,
Folkgeirr,1,2,
Folkgerðr,1,2,
Folki,3,0,
Folkmarr,1,0,
Folksteinn,1,0,
Folku,1,0,
Folkvarðr,1,0,
Folkvé,2,0,
Folkviðr,2,0,
Fómir,1,0,
Forkunnr,10,0,Forkunnr (7); Forkunn (3)
Forsjáll,1,0,
Fóthraðr,1,0,
Fótr,8,0,Fótr (7); Fót (1)
Fóts,1,0,
Fox,1,0,
fr,1,0,
Fraða,1,0,
Fraði,1,0,
Fraðulf,1,0,
Frakka,1,0,
Frans,1,0,
Frawaradaz,1,0,
Freða,1,0,
Freði,1,0,
Frey,2,0,
Freybjôrn,11,0,
Freydís,1,0,
Freygeiri,1,1,
Freygeirr,9,0,Freygeirr (5); Freygeir (4)
Freygeirs,3,1,
Freygerðar,1,0,
Freygerðr,1,0,
Freygunnr,2,0,
Freyjil,1,0,
Freylaug,1,0,
Freyríkr,1,0,
Freyslundum,1,0,
Freysteinn,28,3,Freysteinn (18); Freystein (13)
Freysteins,1,0,
Frið,1,0,
Fríða,1,0,
Friðbjôrn,1,0,
Friðelfi,1,0,
Friðelfr,1,0,
Friðgeirr,2,0,
Friði,2,0,
Friðleifs,1,0,
Friðmundr,1,0,
Fríðu,1,0,
Friðulf,1,0,
Friggis,1,0,
Frii,1,0,
Fríslands,1,0,
Fríss,1,0,
Fróa,1,0,
Fróða,1,0,
Fróði,1,0,
Froila,1,0,
Frosta,4,0,
Frosti,2,0,
Frøðar,1,0,
Fröjel,1,0,
Frœkn,1,0,
Frœknar,1,0,
Fuðkula,1,0,
Fuðsleikir,1,0,
Fugl,1,0,
Fugla,1,0,
Fúl,1,1,Fúl (1); Full (1)
Fulluga,4,0,
Fullugi,19,1,
Fúlni,1,0,
Fumma,1,0,
Fundinn,6,0,Fundinn (5); Fundin (1)
Funi,1,0,
Funiz,1,0,
Funnum,1,0,
Fúnum,1,0,
Fyl,1,0,
Fylkir,1,2,
Fôður,2,1,
Fœri,1,0,
G,1,0,
Gabriel,5,1,
Gadda,1,0,
Gag,7,1,Gag (5); Gagr (3)
Gaga,1,0,
Gagar,1,0,
Gagnvið,2,0,Gagnvið (1); Gagnviðr (1)
Gagnviðararfa,1,0,
Galinn,1,0,
Galla,1,0,
Galmi,1,0,
Gamalíel,1,0,
Gamall,13,2,Gamall (12); Gamal (3)
Gamals,1,0,
Gamla,1,0,
Gamli,1,0,
Gangulfr,1,0,
Ganna,1,0,
Gannarve,1,0,
Gansa,2,0,
Gapi,1,0,
Gapr,1,0,
Garde,2,0,
Garðr,1,0,
Garðstôngum,1,0,
Garmr,1,0,
Garna,1,0,
Gás,3,0,
Gása,1,0,
Gási,5,0,
Gaukr,1,0,
Gauss,3,0,
Gauta,2,0,
Gautarr,1,0,
Gautasonr,1,0,
Gautdjarfr,1,0,
Gauti,5,0,
Gautr,11,0,Gautr (8); Gaut (3)
Gautráðr,1,0,
Gauts,3,0,
Gautulfr,1,0,
Gautviðr,1,0,
Gauþz,1,0,
Gedda,1,0,
Geddu,1,0,
Geira,8,0,
Geiralf,1,0,
Geirarðr,1,0,
Geirbjarnar,2,0,
Geirbjôrn,16,1,
Geirdjarfr,1,0,
Geirfast,8,0,Geirfast (5); Geirfastr (3)
Geirfríðr,1,0,
Geirhildr,1,0,
Geirhjalmr,3,0,Geirhjalmr (2); Geirhjalm (1)
Geirhvatar,1,0,
Geirhvatr,7,1,
Geiri,7,0,
Geirlakr,2,1,
Geirlaug,1,1,
Geirlaugar,1,0,
Geirleifr,2,0,
Geirma,1,0,
Geirmarr,3,0,Geirmarr (2); Geirmar (1)
Geirmóð,1,0,
Geirmunda,1,0,
Geirmundar,2,0,
Geirmundr,16,1,Geirmundr (9); Geirmund (8)
Geirna,1,0,
Geirnjótr,1,0,
Geirr,13,2,Geirr (9); Geir (6)
Geirrøð,1,0,
Geirsteinn,1,0,
Geirulf,2,0,
Geirunni,1,0,
Geirvaldr,4,1,Geirvaldr (4); Geirvald (1)
Geirvarar,1,0,
Geirvarr,1,0,
Geirvé,3,1,
Geirvéar,1,0,
Geirviðr,1,0,
Geirvôr,2,0,
Geit,1,0,
Geiti,1,0,
Geitingr,1,0,
Gelf,2,0,
Gelfs,1,0,
Gerðarr,15,0,Gerðarr (9); Gerðar (6)
Gerðars,1,0,
Gertruð,1,0,
Gestr,1,0,
Gilda,2,0,
Gilla,1,0,
Gillaug,18,1,
Gillaugar,2,0,
Gillingr,1,0,
Gína,3,0,
Ginna,3,0,
Ginnfastr,1,0,
Ginnlaug,3,0,
Ginnlaugar,2,0,
Ginnlaugu,1,0,
Gínu,1,0,
giokuifr,1,0,
Gísa,1,0,
Gisico,1,0,
Gísl,23,0,
Gísla,3,0,
Gíslarsonr,1,0,
Gíslaug,6,2,
Gísli,1,0,
Gísls,1,0,
Gísmundar,1,0,
Gísmundr,2,0,
Gíssteinn,1,0,
Gjafaldr,1,0,
Gjaflaug,2,0,Gjaflaug (1); Gjaflaugr (1)
Gjafulfr,1,0,
Gjalli,2,1,
Glaði,2,0,
Glegga,1,0,
Gleggi,1,0,
Glippir,1,0,
Glóa,1,0,
Glóða,1,0,
Gloppa,1,0,
Glúmr,1,0,
Glôggr,1,0,
Gnauðimaðr,1,0,
Gneggis,1,0,
gnumante,1,0,
Gnúpa,1,0,
Gnúpr,2,0,
Gnúpu,2,0,
Gnýpli,1,0,
Gnýs,1,0,
Godagas,1,0,
Godagastiz,1,0,
Godefridus,1,0,
Góða,4,1,Góða (4); Goða (1)
góðan,4,0,
Góðr,1,0,
Gorm,4,0,Gorm (2); Gormr (2)
Gorms,2,1,
Gota,5,0,
Goti,4,0,
Gotis,1,0,
Granar,1,0,
Granbý,1,0,
Gräne,1,0,
Grani,1,0,
Gregores,1,0,
Gregorius,2,0,
Grein,2,0,
Greip,1,0,
Grenjum,1,0,
Grenski,1,0,
Grettis,1,0,
Grikkfara,2,0,
Grikkhafnir,1,0,
Grikki,1,0,
Grikkjar,1,0,
Grímarr,3,0,Grímarr (2); Grímar (1)
Grímkell,2,0,
Grímketill,1,0,
Grímmund,1,0,
Grímnis,1,0,
Grímr,15,2,Grímr (15); Grím (2)
Gríms,3,0,
Grímu,1,0,
Grímulfr,6,0,Grímulfr (3); Grímulf (3)
Grípis,1,0,
Grípr,1,0,
Grjótgarðr,2,0,
Grjótum,1,0,
Gróa,2,0,
Grœnalands,1,0,
Gubba,2,1,
Guða,2,2,
Guðbjarnar,3,0,
Guðbjôrn,9,1,
Guðbrandr,2,0,
Guðelfar,1,0,
Guðelfi,1,0,
Guðfastar,1,0,
Guðfastr,18,0,Guðfastr (13); Guðfast (5)
Guðfinns,1,0,
Guðfreðr,1,0,
Guðfríði,1,0,
Guðfríðr,5,0,
Guðis,1,0,
Guðissnapa,1,0,
Guðki,1,0,
Guðlaf,1,1,
Guðlaug,18,4,
Guðlaugar,2,0,
Guðlaugu,1,0,
Guðleifar,1,0,
Guðleifr,4,1,Guðleifr (4); Guðleif (1)
Guðleifs,1,0,
Guðmann,1,0,
Guðmar,5,1,
Guðmóðr,2,0,Guðmóðr (1); Guðmóð (1)
Guðmundar,3,1,
Guðmundr,32,1,Guðmundr (24); Guðmund (9)
Guðmunds,1,0,
Guðnjótr,1,1,
Guðný,1,0,
Guðormr,1,0,
Guðríðr,1,0,
Guðrík,8,0,Guðrík (5); Guðríkr (3)
Guðríks,1,0,
Guðrún,6,1,
Guðstein,2,0,Guðstein (1); Guðsteinn (1)
Guðulfr,1,0,
Guðulfsdóttur,1,0,
Guðvarðr,2,0,Guðvarðr (1); Guðvarð (1)
Guðvarr,3,0,Guðvarr (2); Guðvar (1)
Guðvé,2,0,
Guðveig,1,0,
Guðvér,3,0,
Guðvés,1,0,
Guðvin,1,0,
Guðvini,4,0,
Guðvôr,2,0,
Guðvôru,1,0,
Guðþormr,2,0,
Guðþorn,1,0,
Gufa,1,0,
Gufi,4,0,
Gulbrandr,1,0,
Gulla,5,1,
Gullaug,5,1,
Gullaugar,1,0,
Gulleifr,8,0,Gulleifr (6); Gulleif (2)
Gulleifs,1,0,
Gulley,1,0,
Gullfinnr,1,0,
Gulli,3,0,
Gumma,1,0,
Gummi,2,0,
Gunn,6,1,Gunn (6); Gunnr (1)
Gunna,26,1,
Gunnari,1,0,
Gunnarr,87,8,Gunnarr (73); Gunnar (22)
Gunnars,6,0,
Gunn-Bjúr,1,0,
Gunnbjôrn,12,1,
Gunnborga,1,0,
Gunndjarfr,2,0,Gunndjarfr (1); Gunndjarf (1)
Gunnelfr,2,0,
Gunnfastr,1,0,
Gunnfús,1,0,
Gunnheiði,1,0,
Gunnheiðr,1,0,
Gunnhildar,1,0,
Gunnhildarsonr,1,0,
Gunnhildi,2,0,
Gunnhildr,13,1,Gunnhildr (13); Gunnhild (1)
Gunnhvatar,1,0,
Gunnhvatr,6,0,Gunnhvatr (3); Gunnhvat (3)
Gunni,14,1,
Gunnkell,1,0,
Gunnlaug,1,0,
Gunnleifr,4,0,Gunnleifr (2); Gunnleif (2)
Gunnmarr,1,2,
Gunnmundar,2,0,
Gunnreifr,1,0,
Gunnríðr,1,0,
Gunnsitr,1,0,
Gunnsteinn,2,0,
Gunnu,7,0,
Gunnuðr,1,0,
Gunnulfr,6,0,Gunnulfr (3); Gunnulf (3)
Gunnulfs,2,0,
Gunnvaldr,4,0,Gunnvaldr (3); Gunnvald (1)
Gunnvalds,1,0,
Gunnvar,1,1,
Gunnvarar,1,0,
Gunnviðr,4,0,Gunnviðr (3); Gunnvið (1)
Gunnvôr,9,0,
Gunnvôru,1,0,
Gunnþrúðr,1,0,
Gusi,1,0,
Gusir,1,0,
Guss,3,0,Guss (2); Gus (1)
Gussi,1,0,
Gutis,1,0,
Gyða,9,1,
Gyðings,1,0,
Gyðu,1,0,
Gýi,8,0,
Gylfir,1,0,
Gylla,7,0,
Gylli,1,0,
Gyllir,1,0,
Gyllu,1,0,
Gynna,2,0,
Gyra,1,0,
Gyrð,3,0,Gyrð (2); Gyrðr (1)
Gyrðar,1,0,
Gyrðir,1,0,
Gyríðar,3,0,
Gyríði,1,0,
Gyríðr,17,0,Gyríðr (15); Gýríðr (1); Gyrið (1)
Gyrill,1,1,
Gæfr,1,0,
Gæsling,1,0,
Gôrðum,7,1,
Habukoþuz,1,0,
Haddr,1,0,
Hadulaikaz,1,0,
Haðalandi,1,0,
Haðistôðum,1,0,
Háðska,1,0,
Hafdjarfr,1,1,Hafdjarfr (1); hafdjarfr (1)
Hafgrími,1,0,
Hafrs,1,0,
Hagbarðr,1,1,
Hagebý,1,0,
Hagiradaz,1,0,
Hagnastôðum,1,0,
Hagnestäde,1,0,
Hagni,1,0,
Hagnviðr,1,0,
Hagormr,1,0,
Hagrjóð,1,0,
Hagstein,1,0,
Hagusta(l)daz,1,0,
Hagustaldaz,1,0,
Háislar,1,0,
Haki,3,0,
Haklang,1,0,
Haklangs,1,0,
Hákon,24,0,
Hákonar,6,0,
Hakoþuz,1,0,
Hála,1,0,
Háleikr,1,0,
Halfborinn,1,0,
Halfburinn,1,0,
Halfdan,48,0,
Halfdanar,4,0,
Halla,1,0,
Hallasonr,1,0,
Hallbjôrg,3,0,
Hallbjôrn,2,0,
Halldóra,1,0,
Halldórr,2,0,
Halldórs,2,0,
Hallfreðar,1,0,
Hallfreðr,1,0,
Hallfríðar,1,0,
Hallfríðr,1,0,
Hallgeirr,2,0,
Hallgísl,1,0,
Hallgrímssonr,1,0,
Hallhvatr,1,0,
Hallhvats,1,0,
Halli,2,0,
Hallkatla,1,0,
Hallkell,1,0,
Hallr,4,0,Hallr (3); Hall (1)
Hallssonr,1,0,
Hallsteinn,5,0,Hallsteinn (4); Hallstein (1)
Hallvarði,1,0,
Hallvarðr,8,0,Hallvarðr (7); Hallvarð (1)
Hallvarðs,2,0,
Hallvarðsmessu,1,0,
Hallvarðssonr,1,0,
Hallvéar,1,1,
Hallvéu,1,0,
Hallþjóð,1,0,
Hallþjóðu,1,0,
Hals,2,0,
Hamarbý,1,0,
Hambri,2,0,
Hammars,2,0,
Hámunda,1,0,
Hámundr,1,0,
Hana,1,0,
Handar,2,0,
Hani,2,0,
Hans,1,0,
Hanssen,1,0,
Harald(r,1,0,
Haraldr,13,1,Haraldr (9); Harald (5)
Haralds,4,0,
Harðar,1,0,
Harðarsonr,1,0,
Harð<eksi,1,0,
Harðenna,1,0,
Harðgeirr,1,0,
Harði,1,0,
Harðina,1,0,
Harðsteinn,2,1,
Harðsteins,1,0,
Hariso,1,0,
Hari<uha,1,0,
Hariwulfa,1,1,
Hariwulfz,1,1,
Harja,2,0,
Harkilaz,1,0,
Harmsorga,1,0,
Harpara,1,1,
Háruk,1,0,
Háruks,1,0,
Harvistôðum,1,0,
Hástein,4,0,Hástein (3); Hásteinn (1)
Há<tiuR,1,0,
Haugbý,2,0,
Haugum,1,0,
Haukoþuz,1,0,
Haukr,5,0,
Háulf,1,0,
Haurlaug,1,0,
Haurr,2,0,Haurr (1); Haur (1)
Haursa,4,0,
Haursi,3,0,
Hávarðr,5,1,
Hávarðssonr,1,0,
Hávarr,1,0,
Haþuwolfa,1,0,
HaþuwulfaR,1,0,
HaþuwulfR,1,0,
Haþuwulfz,2,2,
Heðinbjôrn,2,0,
Heðindís,3,0,
Heðinfast,4,1,
Heðinfríða,1,0,
Heðingeirr,2,0,
Heðingunnr,1,0,
Heðinn,12,1,Heðinn (7); Heðin (6)
Heðinvé,2,0,
Hefni,1,0,
Hefnir,1,0,
Heg,1,0,
Hegbjôrn,1,0,
Hegga,1,0,
Heghvat,1,0,
Heghvatar,1,0,
Hegleikr,1,0,
Hegmundr,1,0,
Hegulfr,2,0,
Hegvaldi,1,0,
Hegvaldr,2,0,
Hegvarðs,1,0,
Hegvé,1,0,
Hegvér,1,0,
Hegviða,1,0,
Hegviðar,1,0,
Hegviðr,5,0,Hegviðr (3); Hegvið (2)
Hegvin,1,0,
Hé-Gylfa,2,2,
Hé-Gylfis,2,0,
Heiðabý,5,0,
Heiðr,1,0,
Heil,1,0,
Heilfús,1,0,
Heilgeirr,3,0,Heilgeirr (2); Heilgeir (1)
Heilvé,2,0,
Heimaldr,1,4,
Heimdallr,1,0,
Heimkel,3,0,Heimkel (2); Heimkell (1)
Heimkels,1,0,
Heimlaug,1,0,
Hein,1,0,
Heinrekr,3,0,Heinrekr (2); Heinrek (1)
Heins,1,0,
Heldaz,1,0,
Helfr,1,0,
Helga,27,2,Helga (28); helga (1)
Helgalandi,1,0,
Helgasonr,2,0,
Helgi,16,1,
Helgramessu,1,0,
Helgu,2,0,
Helgulfr,4,0,
Helgunnr,1,0,
Hella,1,0,
Hellvisbóar,1,0,
Hely,1,0,
Hemingr,19,0,Hemingr (15); Heming (4)
Hemkell,2,0,Hemkell (1); Hemkel (1)
Hemkels,1,0,
Henricus,1,0,
Henrik,1,0,
Hera,2,0,
Herbjôrn,2,0,
Herfreðr,1,0,
Herfríðr,1,0,
Herjarr,2,0,
Herjulfr,5,0,Herjulfr (3); Herjulf (2)
Herjulfs,1,0,
Herlaugs,1,0,
Herleif,1,0,
Hermóðr,3,0,Hermóðr (2); Hermóð (1)
Hermundr,1,0,
Herrøðr,1,0,
Hersir,1,0,
Herulfr,1,0,
Heruwulfiz,1,1,
Hervarðr,1,0,
Hervistôðum,1,0,
Herþrúðr,1,1,
Hettingr,1,0,
Hettusveins,1,0,
Hildulfr,2,0,
Hildungr,1,0,
Hildvígr,1,0,
Himinríkis,1,0,
himunafi,1,0,
Hinsarfa,1,0,
Hinsarve,1,0,
hinuntr,1,0,
hi--o,1,0,
Hiwigaz,1,0,
Hjalli,1,0,
Hjalmdís,1,0,
Hjalmfastr,5,0,Hjalmfastr (4); Hjalmfast (1)
Hjalmgeirr,2,0,Hjalmgeirr (1); Hjalmgeir (1)
Hjalmlaug,2,0,
Hjalmr,2,0,Hjalmr (1); Hjalm (1)
Hjalms,1,0,
Hjalmviðr,3,0,Hjalmviðr (2); Hjalmvið (1)
Hjalti,1,0,
Hjärne,1,0,
Hjarnum,1,0,
Hjôrtstôðum,1,1,
Hjôrulf,1,0,
Hjôrvarðr,2,0,
Hlaðgerðr,1,0,
Hlahahaukz,1,0,
Hlewagastiz,1,0,
Hlíf,1,0,
Hlífhildi,1,1,
Hlífsteinn,12,0,Hlífsteinn (11); Hlífstein (1)
Hlífsteins,1,0,
Hlífundr,1,0,
hlu,1,0,
Hnabudas,1,0,
Hnakka,1,0,
Hnakki,2,0,
hnuþa,1,0,
Hofa,1,0,
Hofi,4,1,Hofi (4); Høfi (1)
Holfi,1,0,
Holi,1,0,
Holma,10,1,
Holmbjôrn,7,0,
Holmdís,4,0,
Holmdísar,1,0,
Holmdísi,1,0,
Holmdjarf,1,0,
Holmdórr,1,0,
Holmf,1,0,
Holmfastar,1,0,
Holmfastr,27,0,Holmfastr (19); Holmfast (8)
Holmfasts,1,0,
Holmfríðar,2,0,
Holmfríði,2,0,
Holmfríðr,20,2,
Holmgarði,4,0,
Holmgaut,2,0,Holmgaut (1); Holmgautr (1)
Holmgeirr,24,0,Holmgeirr (15); Holmgeir (9)
Holmgeirs,3,0,
Holmgerðr,3,0,
Holmi,8,0,
Holmlaug,6,2,Holmlaug (5); Holmlaugr (3)
Holmlaugar,1,0,
Holmr,3,0,Holmr (2); Holm (1)
Holms,1,0,
Holmsteinn,26,0,Holmsteinn (18); Holmstein (8)
Holmsteins,4,0,
Holmu,1,0,
Holmvé,1,0,
Holmviðr,4,1,Holmviðr (3); Holmvið (2)
Holta,2,0,
Holti,1,0,
Holtijaz,1,0,
Hónefr,3,0,Hónefr (2); Hónef (1)
Hornbora,1,0,
Hornum,1,0,
Horsefni,1,0,
Houaz,2,0,
Houhaz,1,0,
houtian,1,0,
Hoz,1,0,
Hrabnaz,1,0,
Hraða,1,0,
Hraði,1,1,
Hrafn,5,0,
Hrafni,1,0,
Hrafns,1,0,
hragli,1,0,
Hrammstarka,1,0,
Hrana,2,0,
Hrani,4,0,
Hrazaz,2,0,
Hraþaz,1,0,
Hrefna,1,1,
Hrefningr,2,0,
Hreiðar,2,0,Hreiðar (1); Hreiðarr (1)
Hreiðars,1,0,
Hreiðgotum,1,0,
Hreiði,1,0,
Hreiðmarar,1,0,
Hreiðulfar,1,0,
Hreiðulfr,1,0,
Hreiðulfs,2,0,
Hreppisson,1,0,
Hríði,1,0,
Hrifla,2,0,
Hring,2,0,Hring (1); Hringr (1)
Hringaríki,1,0,
Hringja,1,0,
Hringstôðum,1,0,
Hrísney,1,0,
Hróalda,1,0,
Hróaldr,3,0,Hróaldr (2); Hróald (1)
Hróalds,1,0,
Hroaldz,1,0,
Hróarr,8,0,Hróarr (7); Hróar (1)
Hróð,1,0,
Hróða,2,0,
Hróðarr,1,0,
Hróðbjarnarfa,1,0,
Hróðbjôrn,2,0,
Hróðelfar,1,0,
Hróðelfr,5,0,
Hróðfinn,1,0,
Hróðfús,1,0,
Hróðfúsar,1,0,
Hróðgautr,1,0,
Hróðgeir,3,0,
Hróðgeirs,2,0,
Hróðgerða,1,0,
Hróðgísl,1,0,
Hróðheiðr,1,0,
Hróðheiðu,1,0,
Hróðhvat,1,0,
Hróðlaug,1,0,
Hróðlaugar,1,0,
Hróðleifr,6,0,Hróðleifr (5); Hróðleif (1)
Hróðleikr,3,0,Hróðleikr (2); Hróðleik (1)
Hróðlíkn,2,0,
Hróðmar,3,1,
Hróðmarsarfi,1,0,
Hróðmundr,6,3,Hróðmundr (5); Hróðmund (4)
Hróðorm,1,0,
Hróðorms,1,0,
Hróðsteinn,2,0,
Hróðulfr,4,0,Hróðulfr (3); Hróðulf (1)
Hróðvaldr,3,0,
Hróðvé,4,0,
Hróðvéar,1,0,
Hróðvéu,1,0,
Hróðviðar,1,0,
Hróðviðr,2,0,Hróðviðr (1); Hróðvið (1)
Hróðvilaarfi,1,0,
Hróðvísl,4,0,
Hróðþjóð,3,0,
Hróðþjóðar,2,0,
Hróðþrúðr,1,0,
Hrói,1,0,
Hrók,2,0,
Hrólfr,15,1,Hrólfr (11); Hrólf (5)
Hrólfsstôðum,1,0,
Hrossketill,1,0,
Hrozaz,1,0,
Hrúts,1,0,
Hrœðingr,1,0,
Hrœming,1,0,
Hrœríkr,5,0,
Hrœríks,1,0,
hua,1,0,
huas,1,0,
Hubert,1,0,
Huga,1,0,
Hugaldr,1,0,
Hugalds,1,0,
Hugals,1,0,
Hugbjôrn,1,0,
Hugi,1,0,
Hugulu,1,0,
Húkr,1,0,
huli,1,0,
Hultríkr,1,0,
hu-msr,1,0,
Hundengja,1,0,
Hundingjum,1,0,
Hunninge,2,0,
Húnvið,1,0,
Húsabý,1,0,
Húsbjôrn,1,0,
Húskarl,5,1,
Húskarls,1,1,
Húsríkr,1,0,
Húsum,2,0,Húsum (1); husum (1)
huþska,1,0,
Hváli,1,0,
Hváli's,1,0,
Hvatarr,1,0,
Hvatr,3,2,
Hveimi,1,0,
Hvít,4,0,Hvít (3); Hvítr (1)
Hvíthôfða,2,0,
Hvítkárs,1,0,
Hyfi,1,0,
Hylia,1,0,
Hylti,1,0,
Hýnifrár,1,0,
Hæli,1,0,
Hæni,1,0,
Hæra,1,0,
Hæru,3,1,
Hônd,1,1,
Hôr,1,0,
Hôrð,2,0,Hôrð (1); Hôrðr (1)
Hôrðs,1,0,
Hôskuldr,2,0,
Hôsumýra,1,0,
Hôsva,1,0,
Hôsvi,2,0,
Iacobus,5,0,
i-al,1,0,
iarlR,1,0,
Íðaldr,1,0,
iel,1,0,
Iesu,1,0,
Iesus,1,0,
if--r,1,0,
Ígulbjôrn,14,2,
Ígulfastr,15,0,Ígulfastr (11); Ígulfast (4)
Ígulfríðr,3,0,
Ígulgeir,2,0,
Ígull,21,1,Ígull (11); Ígul (11)
ihu,1,0,
ikkrei,1,0,
ilin--r,1,0,
iliuri,1,0,
Illfúss,1,0,
Illuga,4,0,
Illugi,13,1,
ilturi,1,0,
Imi,1,0,
Immi,1,0,
Ing,1,0,
Inga,23,0,
Ingaduz,1,0,
Ingeborg,1,0,
Ingemarus,1,0,
Ingi,9,1,
Ingibjargar,3,0,
Ingibjærg,1,0,
Ingibjôrg,9,0,
Ingibjôrn,6,0,
Ingiey,1,0,
Ingifast,35,1,Ingifast (18); Ingifastr (18)
Ingifastar,3,0,
Ingifríðar,2,0,
Ingifríði,1,0,
Ingifríðr,3,1,
Ingigeirr,3,0,
Ingigerði,3,0,
Ingigerðr,15,0,
Ingigunni,1,0,
Ingihvatr,1,0,
Ingijon,1,0,
Ingikárr,1,0,
Ingilaug,3,0,
Ingileif,3,0,
Ingimarar,1,0,
Ingimarr,8,1,Ingimarr (7); Ingimar (2)
Ingimóð,1,0,
Ingimundr,12,1,Ingimundr (8); Ingimund (5)
Ingiríði,1,0,
Ingiríðr,2,0,
Ingirún,3,0,
Ingirúnar,1,0,
Ingivaldr,9,0,Ingivaldr (7); Ingivald (2)
Ingiþóra,5,0,
Ingiþóru,5,0,
Ingjaldr,28,1,Ingjaldr (17); Ingjald (12)
Ingoldinga,1,0,
Ingríðr,8,1,
Ingu,5,0,
Ingulfr,12,0,Ingulfr (8); Ingulf (4)
Ingvar,21,1,Ingvar (13); Ingvarr (9)
Ingvari,18,1,
Ingvars,7,0,
iokis,1,0,
iolatr,1,0,
Ióna,1,1,
irfR,1,0,
i-rkiorþ,1,0,
isa,1,0,
Ísakr,2,1,
Isem,1,1,
isifara,1,0,
Ísjôkul,1,0,
Ísli,2,0,
Isome,1,0,
Isomi,1,0,
Ísulfr,1,0,
Isums,1,1,
iualfir,1,0,
i-ui,1,0,
iutis,1,0,
Iuþingaz,1,0,
Ívarðr,1,0,
Ívarr,19,1,Ívarr (17); Ívar (3)
Ívars,2,0,
iþal-ra,1,0,
iþia-m,1,0,
Jacob,1,0,
Jacobi,2,0,
Jacobus,4,0,
Jacop,1,0,
Jaðri,1,0,
Jafna,1,0,
Jafra,1,0,
Jakobr,27,1,Jakobr (18); Jakob (10)
Jakobs,9,0,
Jamtaland,1,0,
Jamts,1,0,
Jap,1,0,
Jargeir,3,0,Jargeir (2); Jargeirr (1)
Jarl,16,2,
Jarla,1,0,
Jarlabanka,1,0,
Jarlabanki,11,1,
Jarls,1,0,
Jarlssonr,1,0,
Jarna,1,0,
Jarnstorp,1,0,
Jarpi,1,0,
Jarpr,2,0,Jarpr (1); Jarp (1)
Jarpulf,1,0,
Jatvarðssonr,1,0,
Jerusalem,1,0,
Jésú,2,0,Jésú (1); Jésu (1)
Jesum,2,0,
Jóan,5,0,
Jóarr,6,1,Jóarr (4); Jóar (3)
Jóbjôrn,6,0,
Jófast,1,0,
Jófastu,1,0,
Jófríðr,1,0,
Jógeirr,9,0,Jógeirr (7); Jógeir (2)
Jógerðr,1,0,
Joha,1,0,
Jóhan,33,0,
Jóhani,1,0,
Jóhanna,1,0,
Johannem,1,0,
Johannes,31,1,Johannes (23); Jóhannes (9)
Jóhans,3,0,
Jólgeir,1,0,
Jón,26,5,Jón (30); Jónn (1)
Jóns,2,1,
Jónsmessudagr,1,0,
Jónssonr,1,0,
Jór,1,0,
Jórdan,1,0,
Jórhildi,1,0,
Jórils,1,0,
Jórkell,1,0,
Jórulfr,2,0,Jórulfr (1); Jórulf (1)
Jórunnar,1,0,
Jórunni,2,0,
Jórunnr,8,0,Jórunnr (5); Jórunn (3)
Jósep,2,0,
Jóstein,5,0,Jóstein (3); Jósteinn (2)
Juda,4,0,
Judas,2,0,
Jude,1,0,
Jula,1,0,
Juli,1,0,
Júta,3,0,
Jútlandi,1,0,
Júzki,1,0,
Jôfurbjôrn,1,0,
Jôfurfast,8,0,
Jôfurfastar,1,0,
Jôfurfríðr,2,0,
Jôfurr,11,0,Jôfurr (7); Jôfur (4)
Jôfursteinn,1,0,
Jôrunda,2,0,
Jôrundar,2,0,
Jôrundr,26,0,Jôrundr (16); Jôrund (10)
Jôtunstôðum,2,0,
K,1,0,
Kabbi,1,0,
Kafi,1,0,
Kafli,1,0,
Kag,7,1,Kag (5); Kagr (3)
Kain,1,1,
Kál,4,0,Kál (3); Káll (1)
Kala,4,0,
Kalf,7,0,Kalf (5); Kalfr (2)
Kalfs,1,0,
Kali,8,1,
Kalla,3,0,
Kalli,1,0,
kallo,1,0,
Kalmarna,1,0,
Kalt,1,0,
kalukR,1,0,
Kambs,1,0,
Kampi,1,0,
Kana,2,0,
kan-it,1,0,
Kanp,2,0,Kanp (1); Kanpr (1)
Kapalein,1,0,
Kappa,1,0,
Kappi,1,0,
Kára,8,1,
Káradóttur,1,0,
Kári,12,1,
Karin,1,0,
Karl,39,2,
Karla,1,0,
Karli,3,0,
Karlsefni,1,0,
Karna,1,0,
Kárr,9,1,
Kárs,1,0,
Karsi,2,0,
Kártóki,1,0,
Kasi,1,0,
kasl,1,0,
Kassi,1,0,
Kassla,1,0,
Kassle,1,0,
kasu,1,0,
Káta,5,1,
Katerina,1,0,
Káti,4,0,
Kátr,1,0,
Katrín,5,0,
Katrína,1,1,
Katrínu,1,0,
Katrínumessu,1,0,
Kattr,1,0,
Kátu,1,0,
Káulfr,1,0,
Kauparfa,2,0,
Kauparve,2,0,
Kaupi,3,0,
Kaupmann,1,0,
kaur,1,0,
kautaun,2,0,
Kefas,1,0,
Kelbaþewas,1,0,
Kelsstôðum,1,0,
Ketilas,1,0,
Ketilbjôrn,15,1,
Ketilelfr,1,0,
Ketiley,6,0,
Ketileyjar,1,0,
Ketilfastr,10,1,Ketilfastr (6); Ketilfast (5)
Ketilfríðr,2,0,
Ketilgerðr,1,0,
Ketilhôfða,2,0,
Ketilhôfði,1,0,
Ketilhôss,1,0,
Ketill,51,2,Ketill (37); Ketil (16)
Ketillaug,2,0,
Ketillauga,1,0,
Ketilmund,11,0,Ketilmund (6); Ketilmundr (5)
Ketilmundar,2,0,
Ketils,3,0,
Ketilssonar,1,0,
Ketilvé,7,0,
Ketta,1,0,
Keþan,1,0,
ki,1,0,
kigumantr,1,0,
Kík,1,0,
Kilfir,1,0,
Kíli,1,0,
Kinn,1,0,
Kirkjuvelli,1,0,
kiti,2,0,
Kjallakr,4,0,Kjallakr (3); Kjallak (1)
Kjós,1,0,
Kjúla,1,0,
Kjúli,4,0,
Kjullakr,4,0,Kjullakr (3); Kjullak (1)
Kjôtvi,1,0,
Klakka,2,0,
Klakkr,2,0,Klakkr (1); Klakk (1)
Klas,1,0,
Klefa,1,0,
Klementsmessuaptan,1,0,
Klemet,5,1,Klemet (3); Klemetr (3)
Kleppi,1,0,
Kleppir,1,0,
Klett,2,0,Klett (1); Klettr (1)
Klinti,1,0,
Klints,1,0,
Kloppa,1,0,
Knakr,1,0,
Knasa,2,0,
Kneikis,1,0,
Knúti,3,0,
Knútr,13,1,Knútr (12); Knút (2)
Knúts,2,0,
Knútsmessudagr,1,0,
Kofri,1,0,
ko-l,1,0,
Kolbeini,1,0,
Kolbeinn,5,1,Kolbeinn (4); Kolbein (2)
Kolbeins,2,0,
Kolbjôrn,5,0,
Kolfinnr,1,0,
Kolhaug,1,0,
Kolki,1,0,
Kolla,1,0,
Kolli,2,0,
Kolr,3,1,Kolr (3); Kol (1)
Kolsveins,1,0,
Kornadal,1,0,
Korpr,1,0,
koþbein,1,0,
Krák,1,0,
Krákuarfi,1,0,
Krassa,1,0,
Krasse,1,0,
krifi,1,0,
Krínáns,1,0,
Kristin,2,0,
Kristína,2,0,Kristína (1); Kristina (1)
Kristus,9,3,
Krók,10,0,Krók (6); Krókr (4)
Króki,1,0,
Krosskirkju,1,0,
kru,1,0,
Krums,1,0,
Krúsa,1,0,
ku,1,0,
kuan,1,0,
kufri,1,0,
ku-k-R,1,0,
Kullands,1,0,
Kumble,1,0,
Kumbli,1,0,
kumli,1,0,
Kunimundiu,1,0,
kuntru,1,0,
kura-a,1,0,
Kúrr,1,0,
kuru,1,0,
kurþi,1,0,
Kúsi,1,0,
Kúss,3,0,Kúss (2); Kús (1)
kusta,1,0,
kuta,1,0,
Kvíg,2,0,
Kvígbjôrn,2,0,
Kvígulfr,2,0,
Kvikr,4,0,Kvikr (3); Kvik (1)
Kviks,1,0,
Kylfa,1,0,
Kylfingr,4,0,
Kynmundar,1,0,
Kôðu,1,1,
Køgis,1,0,
Kœlingi,1,0,
Kôrlung,3,0,Kôrlung (2); Kôrlungr (1)
Kôrlungs,1,0,
Kôrungs,1,0,
Kôttr,1,0,
labus,1,0,
Lafranz,9,0,
Lafranzar,1,0,
lafri,1,0,
Lafsa,2,0,
Lafsi,2,0,
Lagi,2,0,Lagi (1); Lági (1)
Laguþewa,1,0,
Laguþewaz,1,0,
Laiþigaz,1,0,
Lambi,1,0,
Lamo,1,0,
Landawarijaz,1,0,
Lang,1,0,
Langaforsinn,1,0,
Langgarni,1,0,
Langsum,1,0,
Laughamri,1,0,
Laurencius,1,0,
Laurentius,1,0,
laurfian,1,0,
Lávarðr,1,1,
Lax,1,0,
Lefsi,3,0,
Leifa,1,1,
Leifr,1,0,
Leik,1,0,
Leikfrøð,1,0,
Leiknarr,2,0,
Leiku,1,0,
Lengju,1,0,
Lengjum,1,0,
Lerdal,1,0,
Léttu,1,0,
Leubaz,1,0,
Leugaz,1,0,
Leþro,2,0,
Libbi,1,0,
Lið-Bófa,1,0,
Liðsmaðr,2,0,
Liðsvaldr,1,0,
Liðvandr,1,0,
Liðvarðr,1,0,
Lífeyjar,1,0,
Lífland,1,0,
Líflandi,2,0,
Líkbjôrn,3,0,
Likko,1,0,
Líknhvat,2,0,
Líknhvatar,2,0,
Líknmundar,2,0,
Líknreifr,1,0,
Líknvéar,1,0,
Líknviðar,1,0,
Líknviðr,4,1,Líknviðr (4); Líknvið (1)
Liko,1,0,
Líkviðr,2,0,
Lillrone,1,0,
lin,1,0,
Lina,2,1,
Lindey,1,0,
Lingorm,1,0,
Lini,1,0,
Linko,1,0,
Lippa,1,0,
Lippi,1,0,
Litlaronum,1,0,
Litli,4,0,
Ljótgeirr,1,0,
Ljótr,5,1,
Ljótulfs,1,0,
Ljúfr,1,0,
Ljúfvini,2,0,
l-khas,1,0,
Ló,1,0,
Loðbrókar,1,0,
Loðinn,10,2,Loðinn (7); Loðin (5)
Loðins,1,0,
Loðni,1,0,
Lóðurr,1,0,
Lófa,1,0,
Lófi,1,0,
Lofríkr,1,0,
Lokarr,1,0,
Lokki,2,0,
Lokkr,1,0,
Lopts,1,0,
Loptssonr,1,0,
lubu,1,0,
Lucas,20,1,
Lucia,1,0,
Lúciu,1,0,
Lúkas,1,0,
Lúkasmessu,1,0,
Lunaneyju,1,0,
Lunde,1,0,
Lundunum,1,0,
lu--R,1,0,
lutaris,1,0,
luþar,1,0,
Lýðbjôrn,2,1,
Lye,1,1,
Lyum,1,1,
Lønangri,1,0,
ma,1,0,
Maelmuire,1,0,
Magdalena,2,0,
Magnhildar,1,0,
Magni,1,0,
Magno,1,0,
Magnús,12,0,
Magnúsar,1,0,
mailb---ak,1,0,
Malaki,1,0,
Malchus,3,0,
Malgeirs,1,0,
mallymkun,1,0,
malmury,1,0,
Mána,3,1,
Managôrðum,2,0,
Máni,6,0,
Manna,5,1,
Mannegårde,2,0,
Manni,7,0,
Mannsengi,1,1,
Marce,1,0,
Marci,1,0,
Marcus,20,0,
Margareta,3,0,Margareta (2); Margaréta (1)
Margarétar,1,0,
Margaréti,1,0,
Margarétu,1,0,
Margét,1,0,
Margétu,1,0,
Margit,1,0,
Margítu,1,0,
Margotarfa,1,0,
Margrét,4,0,Margrét (3); Margret (1)
Margréta,4,0,
Margrétu,1,0,
Mari,1,0,
Mariksen,1,1,
Marilingu,1,0,
Marinus,1,0,
Maríumessu,2,0,
Maríumessudag,1,0,
Mariz,1,0,
Mariþeubaz,1,0,
Markús,1,0,
Marteinn,8,0,Marteinn (7); Martein (1)
Martinianus,2,0,
marþa,1,0,
Mássonr,1,0,
Mathei,1,0,
Matheus,1,0,
Mathie,1,0,
Matr,1,0,
Matthias,1,0,
Matthæus,16,2,
Mattias,1,0,
Mattiasar,1,0,
Mattis,1,0,
Maurins,1,0,
Maximianus,3,0,
maþur,1,0,
Medebys,1,0,
Mediator,1,0,
Megensarve,1,0,
Meginbjôrn,1,0,
Meginsarfa,1,0,
Meinulfr,1,0,
Mekthildr,1,0,
Melbrigða,1,0,
Melbrigði,1,0,
menk,1,1,
mer,1,0,
Meretu,1,0,
Merila,1,0,
Messias,2,0,
Mey,2,0,
Michael,2,0,
Miðgarði,1,0,
Mikjáll,19,2,
mink,1,0,
Misak,2,0,
miskik,1,1,
Mistivis,1,0,
Mjáfingr,1,0,
Mjúka,1,0,
Móða,1,0,
Monacus,1,0,
Morða,1,0,
Mosel,1,0,
m-r--ns,1,0,
muaR,1,0,
muha,1,0,
Muhumaa,1,0,
Múla,2,3,
Múli,3,1,
Munán,1,0,
Munda,1,0,
Mundi,1,0,
Mundvalds,1,0,
Mungeirr,3,0,
Mungerðr,1,0,
Munulfr,1,0,
Munulfs,1,0,
mutifu,1,0,
Mylnu,1,0,
Myndil,3,0,Myndil (2); Myndill (1)
Myntari,1,0,
Mýr,1,0,
Myrgjôl,1,0,
Mýribý,1,0,
Myskja,2,0,
Myskju,2,0,
Myttar,1,0,
Mæringa,1,0,
Mölner,1,0,
Môn,1,0,
n,1,0,
Nafarr,1,0,
Nafni,1,0,
naft,1,0,
nafuam,1,0,
Nag,1,0,
nahhar,1,0,
Naktergal,1,0,
Nann,2,0,
Narfasonr,1,0,
Nasi,6,0,
Náttfari,1,0,
Naudigastiz,1,0,
naus,1,0,
Nazarenus,3,1,
Nefa,2,0,
Nefbjôrn,1,0,
Nefgeir,4,0,Nefgeir (3); Nefgeirr (1)
Nefr,3,0,Nefr (2); Nef (1)
Nefs,1,0,
Nennir,2,0,
Nerfis,1,0,
Neriðs,1,0,
Neriðsdóttir,1,0,
Neriðssonr,1,0,
Nesbjôrn,9,1,
Nesbý,1,0,
Nesi,6,0,
Neskonungr,1,0,
Nes-Végeirr,1,0,
netil,1,0,
nibiaR,1,0,
Nicholaus,2,0,
Nickarve,1,0,
Nicomedes,1,0,
Niðarósi,1,0,
Nikkarfa,1,0,
niklif,1,0,
Nikolai,1,0,
Nikolaus,2,0,
Nikulás,24,0,
Nikulásar,7,0,
Niujila,2,0,
Niþijo,1,0,
Njósi,1,0,
Nokka,2,0,
Nora,1,0,
Norðmaðr,2,0,
Norðrbý,2,0,
Norðrgarðum,1,0,
Nore,1,0,
Nóregi,1,0,
Noregs,1,0,
Norrbys,2,0,
Norrgarde,1,0,
Norveg,1,0,
Nykr,1,0,
Næmr,1,1,Næmr (1); næmr (1)
Næstr,1,0,
Óbeinn,1,0,
Óblauðr,1,0,
Ocksarve,1,2,
Odda,3,0,
Oddgeir,2,0,
Oddi,3,1,
Oddlaug,1,0,
Oddr,12,0,Oddr (10); Odd (2)
Odds,2,0,
Oddulf,3,1,Oddulf (2); Oddulfr (2)
Oddulfi,1,0,
Oddvarr,1,0,
Óðalfreðr,1,0,
Óðalfríðr,1,0,
Óðindísa,1,0,
Óðindísu,1,0,
Óðinkár,4,0,Óðinkár (2); Óðinkárr (2)
Óðinkárs,1,0,
Óðinn,4,1,
Ófeigr,33,1,Ófeigr (21); Ófeig (13)
Ófeigs,1,0,
Óflá,1,0,
Ofláti,1,0,
Ofráðr,2,0,
Óframr,1,0,
Ófriðr,2,0,Ófriðr (1); Ófrið (1)
Ofæta,1,0,
Óhneigr,1,0,
oifuþ,1,0,
oka,1,0,
Ól,1,0,
Óla,2,0,
Ólafi,1,0,
Ólafr,73,12,Ólafr (67); Ólaf (15); Olafr (2); Óláfr (1)
Ólafs,13,1,
Ólafsvôku,2,0,
Ólafsvôkunótt,1,0,
Olai,1,0,
Ólaug,2,0,
Ólausmessaptan,1,0,
Olavi,1,0,
Olavus,3,0,
olbusi,1,0,
Óleifr,33,1,Óleifr (17); Óleif (16); Oleifr (1)
Óli,3,0,
Olla,2,0,
Olli,4,0,
Ólôf,7,0,
Ólôfar,2,0,
Ólôfu,1,0,
Ómun,1,0,
Óneisi,1,0,
Óníðing,2,0,
Ónn,4,0,
Ónæm,5,0,Ónæm (3); Ónæmr (2)
Ónæms,1,0,
Orka,1,0,
Orkhaug,1,0,
Orma,2,0,
Ormarr,5,1,Ormarr (4); Ormar (2)
Ormgeirr,2,0,Ormgeirr (1); Ormgeir (1)
Ormhildr,1,0,
Ormi,1,0,
Ormika,1,0,
Ormr,12,0,Ormr (8); Orm (4)
Ormríkr,1,0,
Orms,2,0,
Ormsteinssonr,1,0,
Ormulf,1,0,
Órnesi,1,0,
Orra,1,0,
Orri,1,0,
Orrosta,1,0,
Orrostr,1,0,
Órœkja,9,0,
Órœkju,3,1,
osaoiar,1,0,
osi,1,0,
Ósníkinn,6,0,Ósníkinn (4); Ósníkin (2)
Óspaka,1,0,
Óspaki,1,0,
Óspakr,3,0,Óspakr (2); Óspak (1)
Ósríkr,1,0,
Óstarki,1,0,
Ósyrg,2,0,
Ótama,1,0,
Ótamr,1,0,
Otheim,1,0,
Othem,1,0,
Otr,2,0,
Ótryggr,11,2,Ótryggr (8); Ótrygg (5)
Ótryggs,1,0,
Ótryggva,1,0,
Óttarr,11,2,Óttarr (11); Óttar (2)
Óttars,1,0,
Óttu,1,0,
Oxi,1,0,
Óþvegin,3,0,Óþvegin (2); Óþveginn (1)
Óþvegins,1,0,
Pái,5,1,
Pálín,1,0,
Páll,7,0,
Palni,1,0,
Paraclitus,1,0,
Parvel,1,0,
Patrik,1,0,
Pauli,1,0,
Paulus,3,0,
Pétar,10,0,
Pétars,2,0,
Péto,1,1,
Pétr,19,1,
Pétri,1,0,
Petronilla,1,0,
Petrus,7,0,
Philippus,1,0,
Philomena,1,0,
Pípari,1,1,
Prestr,1,0,
Primi,1,0,
Processi,1,0,
Pæsel,1,0,
Raðars,1,0,
Ráðborgar,1,0,
Ráðspaka,1,0,
Ráðulfr,1,0,
Ráðulfs,1,0,
Ráðþjalfr,1,0,
Rafael,3,1,
Raggi,1,0,
Ragn,2,0,
Ragna,8,0,
Ragnarr,7,0,Ragnarr (4); Ragnar (3)
Ragnarssonar,1,0,
Ragnbjôrg,1,0,
Ragnbjôrn,1,0,
Ragnelfi,1,0,
Ragnelfr,1,0,
Ragnfastr,12,0,Ragnfastr (8); Ragnfast (4)
Ragnfríðar,2,0,
Ragnfríði,1,0,
Ragnfríðr,6,0,
Ragnhildar,1,0,
Ragnhildi,2,0,
Ragnhildr,8,1,
Ragnhildu,1,0,
Ragni,3,0,
Ragnvaldr,8,1,Ragnvaldr (5); Ragnvald (4)
Ragnvalds,1,0,
Ragnvaldsarfa,1,0,
Ragnvé,2,1,
Ragnviðr,2,0,
Ragnvôr,1,0,
Ragnþrúðr,1,0,
Raguel,1,0,
Rambi,1,0,
Ránar,1,0,
Randr,2,0,
Randulfr,1,0,
Randvé,3,0,
Randviðs,1,0,
Rang,1,0,
Ranga,2,0,
Rangsarve,1,0,
Rann,1,0,
Rannveig,10,0,
ranuiþi,1,0,
Raphael,2,0,
Rasi,1,0,
Rasmus,1,0,
Rauða,3,0,
Rauð-Ballir,1,0,
Rauði,2,0,
Rauðingr,1,0,
Rauðkár,1,0,
Rauðlitr,1,0,
Rauðr,8,0,
Rauðu,1,0,
Rauðumskjalda,1,0,
Rauðusjó,1,0,
Raumr,1,0,
Raunijaz,1,0,
Rauningi,1,0,
Rawsijo,1,0,
Refr,2,0,Refr (1); Ref (1)
Reginmóð,2,0,
Reginmund,1,0,
Reginn,1,0,
Regis,1,0,
Reiðubúin,1,0,
Reið-Viðurr,1,0,
Reif,2,0,
Rekkr,3,0,
Ribbi,1,0,
ribut,1,0,
Ricarþ,1,0,
Ridanäs,1,0,
Riðanes,1,0,
rifata,1,0,
Rikarðr,1,0,
Ríkhvatr,1,0,
Ríki,3,0,
Rikin,1,0,
Ríkr,2,0,
Ríkulfr,1,0,
Ríkvé,1,0,
Ríkviðr,4,0,
Ringheim,1,0,
Ringi,1,0,
Ringome,1,0,
Rings,1,0,
Risalandi,1,0,
risbiik,1,0,
riuiþr,1,0,
Rjóði,1,0,
r--nuktr,1,0,
Robbenarve,1,0,
Rodmarsarve,1,0,
Rofsteini,1,0,
Rogalandi,1,0,
Róghvat,1,0,
roini,1,0,
Roma,1,0,
Romfarari,1,0,
Rone,1,0,
Rónni,1,0,
Ronum,1,0,
Ronviðr,1,0,
Róta,1,0,
Rotarve,1,0,
ru,1,0,
Ruðsmôrkum,1,1,
Ruffus,1,0,
Rufus,5,0,
Rugga,1,0,
Ruggi,2,0,
Ruggu,1,0,
Rugulfs,1,0,
rulur,1,0,
Rúmfari,2,0,
Rún,1,0,
Rúna,8,0,
Rúnarr,1,0,
Rúnasteinn,1,0,
Runbý,1,0,
Rúnfastr,4,0,Rúnfastr (2); Rúnfast (2)
Rúnfríðr,3,0,
Rúni,3,0,
Rúnu,1,0,
Rúnulf,3,0,Rúnulf (2); Rúnulfr (1)
Rúnulfs,1,0,
Rúnviðr,1,0,
Rute,1,0,
Ruti,1,0,
ruþur,1,0,
ry,1,0,
Ryðingr,1,0,
Ryggju,1,0,
Rysja,1,0,
Rysju,1,0,
Ryskr,1,0,
Ræfils,1,0,
Rôgnu,1,0,
Rôgnvaldr,1,0,
Rœkju,1,0,
Røkkva,1,0,
Rôskulf,1,0,
Rôskviðr,1,0,
S,1,0,
Sabaoth,4,0,
Sadai,1,0,
sairR,1,0,
Salgerðr,1,0,
Salhaugum,1,0,
Saligastiz,1,0,
Salmund,2,0,Salmund (1); Salmundr (1)
Salome,1,0,
Salsa,1,0,
Sámr,4,0,Sámr (3); Sám (1)
Samson,3,0,
Sancte,1,0,
Sancti,1,0,
Sanctus,1,0,
Sandarr,4,1,
Sandey,1,0,
Sandulfr,1,0,
Sankta,6,1,
Saralu,1,0,
Sasgerðr,1,0,
Sassurr,8,0,Sassurr (6); Sassur (2)
Sassurs,1,0,
Sauðr,1,0,
Sawilagaz,1,0,
Saxa,5,0,
Saxi,10,1,
Saxlandi,1,0,
Sebaoth,1,1,
Sebba,1,0,
Sefa,1,0,
Seimgala,1,0,
Seinn,11,1,Seinn (11); Sein (1)
Selanus,1,0,
Selion,1,0,
Selshôfuð,1,0,
semper,1,0,
Serapion,3,0,
Serða,1,0,
Serðu,1,0,
Sess,1,0,
Sessi,1,0,
Sétta,1,0,
Seybjôrn,3,0,
Seygeir,1,0,
Seyvarar,1,1,
siab,1,0,
Sibba,15,1,
Sibbi,16,0,
Sibbu,1,0,
Sidrak,2,0,
Síðu,1,0,
Sig,5,1,
Sigbaldr,1,0,
Sigbjôrg,1,0,
Sigbjôrn,20,1,
Sigborg,1,0,
Sigdali,1,0,
Sigdan,1,0,
Sigdjarf,6,1,Sigdjarf (4); Sigdjarfr (3)
Sigfasta,1,0,
Sigfastr,22,0,Sigfastr (14); Sigfast (8)
Sigfreð,1,0,
Sigfríðr,2,0,
Sigfrøðr,1,0,
Sigfúss,4,0,Sigfúss (3); Sigfús (1)
Siggeirr,2,0,Siggeirr (1); Siggeir (1)
Siggi,2,0,
Siggunnar,1,0,
Sighjalmr,5,0,Sighjalmr (4); Sighjalm (1)
Sighvatr,17,0,Sighvatr (11); Sighvat (6)
Sighvats,1,0,
Sigihaþuz,1,0,
Sigimarz,1,0,
Sigketil,1,0,
Siglaug,2,0,
Sigleifr,2,0,
Sigleikr,1,0,
Sigleiksarfa,1,0,
Sigmarar,1,0,
Sigmarr,3,0,
Sigmóðr,1,0,
Sigmundar,2,0,
Sigmundarsonr,1,0,
Sigmundr,12,1,Sigmundr (9); Sigmund (4)
Signjóta,1,0,
Signjótr,6,0,
Signý,1,0,
Sigolfr,1,0,
Sigrdríf,1,0,
Sigreifr,20,1,Sigreifr (13); Sigreif (8)
Sigríðar,3,0,
Sigríði,2,0,
Sigríðr,30,0,Sigríðr (29); Sigríð (1)
Sigríðu,1,0,
Sigríkr,1,0,
Sigrún,2,0,
Sigrøð,5,0,Sigrøð (3); Sigrøðr (2)
Sigrøðar,3,0,
Sigsarve,1,0,
Sigsteinn,20,0,Sigsteinn (11); Sigstein (9)
Sigsteins,1,0,
Sigtrygg,7,0,Sigtrygg (4); Sigtryggr (3)
Sigtryggs,5,0,
Sigtúnum,1,0,
Sigulf,2,0,Sigulf (1); Sigulfr (1)
Sigunn,1,0,
Sigunnar,1,0,
Sigurðar,1,0,
Sigurðarsonr,1,0,
Sigurðr,28,7,Sigurðr (32); Sigurð (3)
Sigvalda,2,0,
Sigvaldi,4,0,
Sigvaldr,2,0,
Sigvaldstôðum,1,0,
Sigvarar,1,1,
Sigvarðr,4,0,
Sigviðr,21,0,Sigviðr (18); Sigvið (3)
Sigvôr,2,0,
Sigþjóð,2,0,
Sigþjóðar,1,0,
Sigþór,1,0,
Sigþorn,3,0,
Sigþrúðr,5,0,Sigþrúðr (4); Sigþrúð (1)
si-igr,1,0,
sik,2,0,sik (1); Sík (1)
sikasuaio,1,0,
Sikijaz,1,0,
Sikum,1,0,
Silfrsmiðs,1,0,
Silkifuð,1,0,
Silla,1,1,
Silu,1,0,
si--m,1,0,
Simeon,1,0,
Simi,1,0,
Símon,8,0,Símon (6); Simon (2)
Simonis,1,0,
Simpa,2,0,
Símun,2,0,
Símunardóttir,1,0,
Sinarr,2,0,Sinarr (1); Sinar (1)
Sindrasonar,1,0,
Sini,1,0,
Sínkr,2,1,
sinn,1,0,
Síra,2,0,
sirhun,1,0,
Sisiganduz,1,0,
Sjafi,1,0,
Sjalfa,1,0,
Sjalfi,2,0,
sjalfr,1,0,
Sjali,1,0,
Sjaundi,1,0,
Sjóli,1,0,
Sjólundi,1,0,
Sjónheim,1,0,
Sjonhem,1,0,
Skaga,2,0,
Skagi,3,0,
Skakka,2,0,
Skakki,1,0,
Skakli,2,0,
Skald,6,1,
Skaldi,2,0,Skaldi (1); Skáldi (1)
Skalli,2,0,
Skalmi,1,0,
Skammhals,3,0,
Skáney,2,0,
Skara,1,0,
Skarða,4,0,
Skarði,3,0,
Skarf,2,0,
Skári,1,0,
Skarpa,1,0,
Skaufa,1,0,
Skáungr,1,0,
Skeggi,2,1,
Sker,1,0,
Skera,1,0,
Skerði,2,0,
Skerlaug,1,0,
Skinþa-Leubaz,1,0,
Skírlaug,1,0,
skiu,2,0,skiu (1); Skíu (1)
Skjaldar,1,0,
Skjalgi,1,0,
Skjalm,1,0,
Skjôldulfr,1,0,
Skóga,1,0,
Skógi,1,0,
Skógr,1,0,
Skolhamri,2,0,
Skopti,1,0,
Skorpa,2,0,
Skotlakr,1,0,
Skraddari,1,0,
Skrauta,1,0,
Skrimi,1,0,
Skúla,1,0,
Skúli,2,0,
Skygna,1,0,
Skyttingi,1,0,
Slagva,1,0,
Slagvér,2,0,
Slagvi,1,0,
slaka,1,0,
Sleðabrú,1,0,
Sleikir,1,0,
Sleyr,1,0,
Slítagôrðum,1,0,
Slitegårds,1,0,
Sljór,1,0,
Slóða,4,2,
Slóði,6,0,
Slóru,2,0,
Slúta,1,0,
Slyðru,2,0,
Smiðr,12,1,Smiðr (10); Smið (3)
Smiðs,1,0,
Snari,3,0,
snatuson,1,0,
Snerribjôrn,1,0,
Snerrir,3,0,
Snerris,1,0,
Snjólaug,1,0,
Snjóvalds,1,0,
Snoder,3,0,
Snoðu,3,0,
Snorrir,1,0,
Snotastôðum,1,0,
Snæbjôrn,1,0,
Snægrindum,1,0,
Snögrinde,1,0,
soi->þóri,1,0,
Solfa,1,0,
Solfu,1,0,
Sómu,1,0,
Sona,3,0,
Soni,5,1,
Soria,1,0,
Sót,1,0,
Sóta,5,0,
Soter,2,0,
Sóti,4,0,
Sótrangi,1,0,
Spaka,1,0,
Spakr,2,0,
Spalkleysu,1,0,
Spán,1,0,
Spars,1,0,
Sperlu,1,0,
Spinku,1,0,
Spjall,1,0,
Spjalla,1,0,
Spjallboða,4,1,
Spjallboði,5,0,
Spjót,1,0,
Spjóti,3,0,
Spraka,2,0,
Spraki,1,0,
Spôrr,1,0,
Spôrs,1,0,
St,1,0,
Stafangri,1,0,
Stafi,1,0,
Stainawarijaz,1,0,
Staki,1,0,
Stála,1,0,
Stari,1,0,
Starki,1,0,
Starr,1,0,
Starri,1,0,
Steinarr,4,1,Steinarr (3); Steinar (2)
Steinars,1,0,
Steinbjôrg,3,0,
Steinbjôrn,9,0,
steinbrú,1,0,
Steinfastr,3,0,
Steinfríði,1,0,
Steinfríðr,3,0,
Steingísl,1,0,
Steingrímr,1,0,
Steinhildr,3,0,
Steinkel,4,0,Steinkel (3); Steinkell (1)
Steinketill,1,0,
Steinlaug,1,0,
Steinn,32,1,Steinn (20); Stein (13)
Steins,4,0,
Steinu,2,0,
Steinulfr,4,0,Steinulfr (3); Steinulf (1)
Steinunn,1,0,
Steinþórir,1,0,
stibkarl,1,0,
Stigr,1,0,
stikit,1,0,
Stílingr,1,1,
Stillingr,1,1,
Stóðbjôrn,3,1,Stóðbjôrn (3); Stoðbjôrn (1)
Stóði,1,0,
Stóðkell,3,0,
Stóra,2,0,
Stórulfssonr,1,0,
Streitinn,1,0,
Stúfs,1,0,
sturkr,1,0,
Stybbi,1,0,
Styðingr,3,0,Styðingr (2); Styðing (1)
Styfjaldr,5,0,Styfjaldr (3); Styfjald (2)
Styfjalds,1,0,
Styggr,1,0,
Stynbjôrn,1,0,
Stynfríðr,1,0,
Styr,3,0,Styr (2); Styrr (1)
Styrbjôrn,11,0,
Styrfastr,2,0,
Stýrimann,1,0,
Styrkárr,6,0,Styrkárr (4); Styrkár (2)
Styrlakr,1,0,
Styrlaugr,3,0,
Stœðingr,3,0,Stœðingr (2); Stœðing (1)
Suders,1,0,
Suðr,1,0,
Suðrbý,3,0,
sufar,1,1,
suhikierf,1,0,
Súlka,1,0,
Sullr,1,0,
Sumarliði,3,0,
sumuR,1,0,
Sundrál,1,0,
Sundre,1,0,
Sundru,1,0,
Suni,1,0,
Sunnhvatr,1,0,
Sunnviðr,1,0,
Suno,1,0,
Súrbein,1,0,
Sútari,1,0,
sutlak,1,0,
Sváfi,2,0,
Svali,1,0,
Svanabý,1,0,
Svanr,1,0,
Svaraldr,1,0,
Svart,4,0,Svart (2); Svartr (2)
Svarta,2,0,
Svartabrandr,1,0,
Svarthôfða,11,1,
Svarthôfði,6,0,
Svarti,1,0,
Svartung,1,0,
Sveina,3,0,
Sveinaldi,1,0,
Sveinaldr,1,0,
Sveingeirr,1,0,
Sveinheiðr,1,0,
Sveini,5,0,
Sveinki,1,0,
Sveinn,182,7,Sveinn (126); Svein (63)
Sveins,10,1,
Sveinssonr,1,0,
Sveinu,1,0,
Sveinungr,3,0,Sveinungr (2); Sveinung (1)
Svell,1,0,
Sven,1,0,
Sverðolfr,1,0,
Sverkir,3,0,
Sverra,2,0,
Sverri,2,0,
Svertingr,3,0,Svertingr (2); Sverting (1)
Svíðanda,1,1,Svíðanda (1); Sviðanda (1)
Sviðbalka,1,0,
Sviðbalki,1,0,
Sviðings,1,0,
Svineburg,1,0,
Svíu,1,0,
Svíþjóðu,4,0,
Svôlunesi,1,0,
Swabaharjaz,1,0,
Swarta,1,0,
Sylfa,3,1,
Sylfu,2,0,
Syrkell,1,0,
Systu,1,0,
Syvurr,1,0,
Sæbjôrn,7,0,
Sædjarf,2,0,
Sæ-Eyndr,1,0,
Sæfa,3,0,
Sæfari,1,0,
Sæfu,1,0,
Sæfús,1,0,
Sægeir,2,1,Sægeir (2); Sægeirr (1)
Sægrímr,3,0,
Sægunni,1,0,
Sælafr,1,0,
Sæmundr,3,0,Sæmundr (2); Sæmund (1)
Sæmunds,1,0,
Særða,1,0,
Særeif,4,0,Særeif (3); Særeifr (1)
Særla,1,0,
Sæulfr,2,0,
Sævar,1,0,
Sævini,2,0,
Sæþórr,1,0,
Söderby,1,0,
Söderbys,1,0,
Sœgsa,2,0,
Sôlsi,1,0,
Sôlva,4,0,
Sôlveig,1,0,
Sôlvi,1,0,
Sôlvu,1,0,
Sôndum,1,0,
Sørkell,1,0,
Sørkviðr,1,0,
Sørkvir,1,0,
Sôssur,1,0,
Tábý,5,0,
Taf,1,0,
Tafeistalandi,1,1,
Tafeistr,3,0,Tafeistr (2); Tafeist (1)
Tafsa,1,0,
taist,1,0,
Taitz,1,0,
Takn,1,0,
Talijo,1,0,
Tanulu,1,0,
Tárr,1,2,Tárr (1); Tár (1); Tarr (1)
Társtôðum,1,1,
Tassi,1,0,
Tast,1,0,
Tata,1,0,
Tati,1,0,
tatr,1,0,
Tatta,1,0,
Tatti,1,0,
tayr,1,0,
Terea,1,0,
Thomás,3,0,
Thomásmessu,1,0,
Tíðfríðr,2,0,Tíðfríðr (1); Tíðfríð (1)
Tíðkuma,2,0,
Tíðkumi,11,0,
Tíráðr,1,0,
Tjôrva,1,0,
Tjôrvi,2,1,
Tobba,3,0,
Tobbi,4,1,
Tobias,1,0,
Toco,1,0,
Toðrwite,1,0,
Tófa,22,0,
Tófi,21,1,
Tófu,2,0,
Tóka,23,4,
Tóki,28,2,
Tóku,1,0,
Tóla,5,0,
Tóli,8,1,
Tólir,5,1,
Tolkr,1,0,
Tomás,1,0,
Tonna,4,0,
Tonnu,2,0,
Tópi,1,0,
Tóra,2,0,
Torfi,1,0,
Tosta,10,1,
Tosti,15,0,
Tóta,1,0,
Toti,1,0,
Trandils,1,0,
Trani,2,0,
Trjónn,1,0,
Trúfastr,1,0,
Trygg,1,0,
Tryggulf,1,0,
Tryggvi,1,0,
Tubba,2,0,
Tubbi,3,1,
tuguta,1,0,
tuku,1,0,
Tuli,1,0,
Tulkr,1,0,
Tuma,7,1,
Tumi,5,0,
Tumma,3,1,
Tummi,3,0,
tuna,1,0,
Tunna,2,0,
Tunnu,1,0,
Tveggja,2,0,
Týr,1,0,
Tœk,1,0,
ualu,1,0,
Ubbi,3,0,
Uddr,1,0,
uefut,1,0,
uekaltr,1,0,
úfeigr,1,0,
Uffi,1,1,
Uggs,1,0,
uha,1,0,
ui,1,0,
uika,1,0,
uiki,1,0,
uilit,1,0,
ui--n,1,0,
uinþa,1,0,
uisþi,1,0,
uitan,1,0,
ukiþila,1,0,
uku,1,0,
ukuþi,1,0,
Ulfdôlum,1,0,
Ulfeyju,1,0,
Ulfgautr,1,0,
Ulfgauts,1,0,
Ulfgeirr,2,0,
Ulfgeirssonar,1,0,
Ulfheðinn,2,0,Ulfheðinn (1); Ulfheðin (1)
Ulfhildr,1,0,
Ulfhvatr,1,0,
Ulfhôss,1,0,
Ulfi,2,0,
Ulfkell,15,0,Ulfkell (14); Ulfkel (1)
Ulfketill,2,0,Ulfketill (1); Ulfketil (1)
Ulfljót,3,0,Ulfljót (1); Ulfljótr (1); Úlfljót (1)
Ulfnoð,1,0,
Ulfr,83,4,Ulfr (53); Ulf (34)
Ulfríkr,5,0,Ulfríkr (3); Ulfrík (2)
Ulfs,7,0,
Ulfshala,1,0,
Ulfsundi,1,0,
Ulfvið,1,0,
ul---li,1,0,
Ulvshale,1,0,
uma-ut,1,0,
umun,1,0,
Una,3,1,
Unar,2,0,
Únáss,1,0,
Undrlaug,2,0,
Undrlaugar,1,0,
Unga-Ganna,1,0,
Ungandiz,1,0,
Ungi,1,0,
Uni,4,0,
Unir,1,0,
Unn,9,3,Unn (6); Un (5); Unnr (1)
Unna,3,1,
Unnar,1,0,
Unn-Bjúr,1,0,
Unnbjôrn,1,0,
Unni,4,0,
Unnu,2,0,
Unnulfr,4,0,Unnulfr (3); Unnulf (1)
Unnviðr,1,0,
Unu,2,0,
Unvald,1,0,
Unwodz,1,0,
Upphlaupr,1,0,
Uppsôlum,2,0,
Upsal,1,0,
u-r>bergi,1,0,
Urgude,1,0,
Urni,1,0,
Ustaholms,1,0,
Úteyjum,1,0,
Úthlaupr,1,0,
Útlagi,2,0,
Útlengju,1,0,
Utoje,1,0,
Úþyrmis,1,0,
Vaði,1,0,
Vafra,2,0,
Vagn,2,0,
Vakra,1,0,
Vála,1,0,
vald,1,0,
Valdarr,1,0,
Valdinga,1,0,
Valdríkr,1,0,
Valgarðs,2,0,
Valgerðr,1,0,
Valkar,1,0,
Valr,1,0,
Valtóka,1,1,
Vámóð,1,0,
Vani,2,1,
Var,2,0,Var (1); Varr (1)
Várfeitr,1,0,
Vargas,2,0,
Varghôss,2,0,
Varin,3,0,Varin (2); Varinn (1)
Varr-Ási,2,0,
Vási,1,0,
Väskinde,1,0,
Västerbys,1,0,
Västergårde,2,0,
Västerväte,1,0,
Vätaburg,1,0,
Vatrungum,1,0,
Vé,1,0,
Vébjôrg,4,2,
Vébjôrn,23,2,
Véborgum,1,0,
Védjarf,6,0,Védjarf (4); Védjarfr (2)
Veðr,4,0,
Veðraldi,3,0,
Véelfr,1,0,
Véfastr,16,0,Véfastr (9); Véfast (7)
Véfinn,1,1,
Véfríðar,1,0,
Véfríðr,5,0,Véfríðr (4); Véfriðr (1)
Véfrøðar,1,0,
Véfrøðr,1,0,
Véfúss,1,0,
Végautr,6,0,Végautr (5); Végaut (1)
Végauts,1,0,
Végeir,6,0,Végeir (4); Végeirr (2)
Végerðar,1,0,
Végerðr,2,0,
Végísl,4,0,
Végrím,1,0,
Végulla,1,0,
Végunnr,3,0,
Véhjalmr,4,0,Véhjalmr (3); Véhjalm (1)
Vékell,2,0,
Véketill,3,0,
Véleif,1,0,
Vémundr,5,0,
Vénjót,7,0,Vénjót (4); Vénjótr (3)
Vermundr,1,0,
Verskulf,1,0,
Vérún,1,0,
Véseta,2,0,
Véseti,14,0,
Vestbý,1,0,
Vésteinn,12,0,Vésteinn (9); Véstein (3)
Vestkindi,1,0,
Vestmund,1,0,
Vestrbý,1,0,
Vestrgôrðum,1,0,
Vestrhvetjum,1,0,
Vetaborgum,1,0,
Vetr,2,0,
Vetrliða,1,0,
Véulf,3,0,Véulf (2); Véulfr (1)
Véulfs,1,0,
Véurð,1,0,
Viða,2,1,Viða (2); Víða (1)
Víðarr,2,0,Víðarr (1); Víðar (1)
Viðbjôrn,9,1,
Víðfara,2,0,
Víðfari,2,0,
Viðfastar,1,0,
Víðhugsi,1,0,
Viði,2,2,Viði (2); Víði (2)
Víðihol,1,0,
Víðkunnr,1,0,
Viðkunnsstôðum,1,0,
Viðulfr,1,0,
Vífa,2,0,
Vífill,2,0,Vífill (1); Vifill (1)
Víg,7,0,Víg (4); Vígr (3)
Víga,3,0,
Vígbjôrn,6,1,
Vígdís,2,0,
Vígdísi,1,0,
Vígdjarfr,4,0,Vígdjarfr (3); Vígdjarf (1)
Vígfast,1,0,
Víghjalmr,7,0,Víghjalmr (5); Víghjalm (2)
Vígi,7,2,
Vígleikr,2,0,
Vígmaðr,1,0,
Vígmarr,5,0,Vígmarr (3); Vígmar (2)
Vígmundar,1,0,
Vígmundr,3,1,Vígmundr (3); Vígmund (1)
Vígnjótr,2,1,
Vígsharðr,1,0,
Vígulf,1,0,
Vígulfi,1,0,
Vígulfs,1,0,
Vígþorn,1,0,
Vík,2,1,Vík (2); Vik (1)
Víkar,2,0,
Vikare,1,0,
Víkbý,2,2,
Víkhúsum,1,0,
Víkingr,19,0,Víkingr (11); Víking (8)
Víkings,2,0,
Víku,1,0,
Víkulfs,1,0,
Vilhelmus,1,0,
Vilhjalmr,1,0,
Vilinn,1,1,
Viljalms,1,0,
Villi,1,0,
Villiam,1,0,
Vinaman,1,0,
Vindey,1,0,
Vindr,1,0,
Vindö,1,0,
Víneyju,1,0,
Vinfríðr,1,0,
Virðivægr,1,0,
Virlandi,3,0,
Visborg,1,0,
Vitalis,1,0,
Vittkarls,1,0,
Vivi,1,0,
Vráa,1,0,
Vraga,1,0,
Vrái,1,0,
Vreiðr,5,0,Vreiðr (3); Vreið (2)
Vreistr,1,0,
Væringr,1,0,
Værings,1,0,
Vôr,1,0,
Vôrr-Ási,2,0,
Vôrrfeitr,1,0,
Wagagastiz,1,0,
Wage,1,0,
Wagigaz,1,0,
Wagnijo,3,0,
Wajaradas,1,0,
Wajemariz,1,0,
Wakraz,1,0,
Warafnisa,1,0,
Weladauþs,1,0,
Widugastiz,1,0,
Widuhundaz,1,1,
Wigaz,2,0,
Wilagaz,1,0,
Wilhelmus,1,0,
Witro,1,0,
Wiwaz,1,0,
Wiwila,1,0,
Wiwjo,1,0,
Wiz,1,0,
Wodinz,1,0,
Woduride,1,2,
Wormalaiba,1,0,
Wulfric,1,0,
Wulþuþewaz,1,1,
Yfir-Guðarfa,1,0,
Ýfla,1,0,
Yggjar,1,0,
Ylfa,1,0,
Ysi,1,0,
Ýtlingi,1,0,
Ytlings,1,0,
Zion,1,1,
Þaliz,1,0,
þanfuþ,1,0,
þefa,1,0,
Þegn,20,1,
Þegns,1,0,
Þelli-Nefr,1,0,
Þellinefr,1,0,
Þerf,1,0,
Þexla,1,0,
Þili-Nefr,1,0,
Þilinefr,1,0,
Þingbjôrn,1,0,
Þingfast,2,0,Þingfast (1); Þingfastr (1)
Þirbijaz,1,0,
Þíri,1,0,
Þjalfa,9,0,Þjalfa (8); Þjálfa (1)
Þjalfar,1,0,
Þjalfi,10,1,
Þjóð,2,0,
Þjóðarr,2,0,
Þjóðbjôrg,2,1,
Þjóðgeirr,3,1,
Þjóðheiðr,1,0,
Þjóði,1,0,
Þjóðkell,3,0,Þjóðkell (2); Þjóðkel (1)
Þjóðmund,4,1,Þjóðmund (4); Þjóðmundr (1)
Þjóðrekr,1,0,
Þjóðríkr,2,0,
Þjóðsteinn,3,0,Þjóðsteinn (2); Þjóðstein (1)
Þjóðulf,3,0,Þjóðulf (2); Þjóðulfr (1)
Þjóðulfs,2,0,
Þjóðvé,2,0,
Þjóðvér,1,0,
Þjokk,1,0,
Þjokki,1,0,
Þjór,1,0,
Þjóstulf,1,0,
Þjústi,1,0,
þku,1,0,
þofta,1,0,
Þólfr,9,1,Þólfr (9); Þólf (1)
Þólfs,2,0,
Þor,33,1,Þor (17); Þórr (15); Þór (2)
Þóra,28,0,Þóra (27); Þora (1)
Þórald,2,0,Þórald (1); Þóraldr (1)
Þoraldi,2,0,Þoraldi (1); Þóraldi (1)
Þorbergr,3,0,
Þorbirni,1,0,
Þorbjarnar,3,0,
Þorbjôrg,1,0,
Þorbjôrn,69,1,
Þordís,1,0,
Þordjarf,1,0,
Þórðar,2,0,
Þórðarsonr,1,0,
Þórðr,49,2,Þórðr (39); Þórð (12)
Þorfastr,19,0,Þorfastr (13); Þorfast (6)
Þórfinna,1,0,
Þorfinnr,3,0,Þorfinnr (2); Þorfinn (1)
Þorfinns,1,0,
Þorfreðr,2,0,
Þorfríða,1,0,
Þorfríði,1,0,
Þorfríðr,3,1,Þorfríðr (3); Þorfriðr (1)
Þorfrøð,2,0,
Þorgarðr,4,0,
Þorgautr,32,1,Þorgautr (22); Þorgaut (10); Þórgaut (1)
Þorgauts,1,1,
Þorgeirr,29,2,Þorgeirr (22); Þorgeir (9)
Þorgeirs,1,0,
Þorgeirssonr,1,0,
Þorgerðar,3,0,
Þorgerði,1,0,
Þorgerð(r,1,0,
Þorgerðr,10,0,
Þorgerðu,1,0,
Þorgísl,32,1,
Þorgíslar,1,0,
Þorgísls,5,0,
Þorgnýr,1,0,
Þorgnýs,1,0,
Þorgrímr,8,0,Þorgrímr (7); Þorgrím (1)
Þorgunna,1,0,
Þorgunni,1,0,
Þorgunnr,11,0,Þorgunnr (10); Þórgunnr (1)
Þórhallr,1,0,
Þórheiðr,1,0,
Þorhildr,3,0,Þorhildr (2); Þórhildr (1)
Þóri,21,0,
Þóríðr,1,0,
Þórir,56,1,Þórir (56); Þorir (1)
Þóris,4,0,
Þórissyni,1,0,
Þorkell,49,1,Þorkell (38); Þorkel (12)
Þorkell'k,1,0,
Þorkels,1,0,
Þorketil,4,0,Þorketil (2); Þorketill (2)
Þorketils,1,0,
Þorla,1,0,
Þorlaf,2,0,Þorlaf (1); Þorlafr (1)
Þorlak,11,0,Þorlak (8); Þorlakr (3)
Þorlaks,1,0,
Þórlaug,1,1,Þórlaug (1); Þórlaugr (1)
Þorleifr,6,0,Þorleifr (5); Þórleifr (1)
Þorleifs,2,0,
Þorleik,2,0,Þorleik (1); Þorleikr (1)
Þorli,1,0,
Þorlôf,1,0,
Þormar,3,0,Þormar (2); Þormarr (1)
Þormóðr,9,1,Þormóðr (9); Þormóð (1)
Þormundr,7,0,
Þorn,2,0,
Þornjótr,1,0,
Þorný,2,0,
Þóroddr,1,0,
Þórolfr,1,0,
Þorpum,1,0,
Þorríði,1,0,
Þorrøðr,1,0,
Þorsholmi,1,0,
Þorsteini,1,0,
Þorsteinn,111,6,Þorsteinn (77); Þorstein (40)
Þorsteins,6,0,
Þorsteinssonr,3,0,
Þóru,9,1,
Þórulfr,9,1,
Þórulfs,1,0,
Þórunnar,1,0,
Þórunnr,12,0,
Þorvaldr,2,1,
Þorvarðr,1,0,
Þorvið,1,0,
Þorvôr,1,0,
þotr,1,0,
Þrasi,1,0,
Þrawijan,1,0,
Þrining,1,0,
Þrjózkr,1,0,
Þró,1,0,
Þróndr,11,1,Þróndr (7); Þrónd (5)
Þrós,1,0,
Þrótti,5,0,
Þrúðar,1,0,
Þrúðrún,1,0,
Þrýðríkr,2,0,
Þrýðríks,1,0,
þuatr,1,0,
Þúfa,1,0,
Þuli,1,0,
Þulir,2,0,
Þulr,1,0,
Þundar,1,0,
Þunn-Áki,1,0,
Þunn-Hnakki,1,0,
Þunni,1,0,
Þúríð,1,0,
Þursheiminum,1,0,
þuæþ,1,0,
Þyrgeir,1,0,
Þyrgísl,1,0,
Þyrna,1,0,
Þyrvé,13,0,
Þyrvéar,2,0,
Þœfr,2,0,
æfsa,1,0,
Æsi,3,0,
Ôgmundar,1,0,
Ôgmundarsonr,1,0,
Ôgmundr,8,0,Ôgmundr (6); Ôgmund (2)
Ôgurstôðum,1,0,
Öja,2,0,
Ôlfun,2,0,
Ôlrekr,1,0,
Ôlvé,1,0,
Ôlvi,4,0,
Ôlvir,8,0,
Ôlvis,1,0,
Ômmu,1,0,
Ôndóttr,1,0,
Ôngla,1,0,
Ôngum,1,0,
Ônunda,2,0,
Ônundar,5,0,
Ônundr,64,3,Ônundr (49); Ônund (18)
Œpi,6,2,
Œpir,49,3,
Œpis,1,0,
Øra,1,0,
Œringr,3,0,Œringr (2); Œring (1)
Ôrn,4,3,Ôrn (5); ôrn (2)
Ôsl,4,0,
Ôssur,1,0,
Österby,1,0,
Ôzurar,1,0,
Ôzurr,48,3,Ôzurr (32); Ôzur (19)
